"","Adaptation","Advertising","Architecture","Asphalt","Automotive carrying rack","Automotive design","Automotive exterior","Automotive lighting","Automotive mirror","Automotive parking light","Automotive side marker light","Automotive tail & brake light","Automotive tire","Automotive wheel system","Awning","Banner","Bicycle","Bicycle handlebar","Biome","Brick","Brickwork","Building","Car","Chair","City","Cloud","Commercial building","Condominium","Display device","Door","Ecoregion","Facade","Fixture","Font","Games","Gas","Grass","Home appliance","House","Human settlement","Infrastructure","Land lot","Land vehicle","Landscape","Light","Lighting","Line","Logo","Metropolitan area","Mixed-use","Mode of transport","Motor vehicle","Multimedia","Multimedia software","Musical instrument","Natural environment","Natural foods","Natural landscape","Nature","Neighbourhood","Parking","Pc game","Pedestrian","Pedestrian crossing","Photograph","Plant","Product","Property","Public space","Real estate","Rectangle","Residential area","Retail","Road","Road surface","Roof","Sash window","Screenshot","Shade","Shooter game","Sidewalk","Siding","Sign","Signage","Sky","Snapshot","Software","Street","Street light","Table","Technology","Tent","Terrestrial plant","Thoroughfare","Tints and shades","Tire","Travel","Tree","Umbrella","Urban design","Vegetation","Vehicle","Vehicle registration plate","Video game software","Wall","Wheel","White","Window","Wood","Woody plant","World","Yellow","Zebra crossing","link_id","num_images","Apartment","Black","Botany","Branch","Bus","Computer","Concrete","Cottage","Electricity","Fence","Graphics software","Grassland","Green","Home door","Landmark","Leaf","Machine","Material property","Moon","Orange","Room","Slope","Tar","Trunk","Vertebrate","Communication Device","Cumulus","Daytime","Electronic device","Event","Fender","Filling station","Flower","Forest","Gadget","Gas pump","Gasoline","Home fencing","Hood","Lawn","Leisure","Mesh","Organism","Output device","Parallel","Plain","Rear-view mirror","Rolling","Rolling stock","Rural area","Tour bus service","Train","Truck","Van","Vehicle door","Urban area","Gps navigation device","Groundcover","Hazard","Map","People in nature","Personal computer","Plant community","Shrub","Sunlight","Traffic sign","Atmosphere","Cabinetry","Composite material","Floor","Flooring","Geological phenomenon","Grass family","Horizon","Interior design","Mammal","Personal luxury car","Prairie","Recreation","Water","Automotive side-view mirror","Bicycle wheel","Bicycles--Equipment and supplies","Passenger","Public transport","Larch","Competition event","Grille","Alloy wheel","Camera","Field house","Naval architecture","Sport venue","Stadium","Animation","Engineering","Art","Brand","Compact van","Handwriting","Player","Tower block","Symmetry","Arch","Bicycle frame","Design","Electric blue","Fruit","Graphics","Hubcap","Poster","Sink","Suit","Town","Traffic light","Christmas tree","Hat","Meteorological phenomenon","Morning","Racing video game","Runway","Soil","Wood stain","Bicycle tire","Bird","Crescent","Stairs","Stop sign","Bumper","Evergreen","Flat panel display","shortstraw pine","Baseball","Job","Trade","Transport hub","Waste container","Waste containment","Space","Outdoor table","Canopy","Outdoor furniture","Sports equipment","Agriculture","Air travel","Aircraft","Atmospheric phenomenon","Auto part","Flowering plant","Garden","Gesture","Helmet","Highland","Ladder","Light commercial vehicle","Overhead power line","Picket fence","Porch","Television antenna","Tower","Triangle","Twig","Flowerpot","Lane","signaling device","Carnivore","Aerospace manufacturer","Aviation","Commercial vehicle","Flag","Fuel","Number","Racing","Clock","Motorcycle","Astronomical object","Mountain","Operating system","Guitar","Scoreboard","Race track","Metal","Wire fencing","Electronic instrument","Fashion accessory","Houseplant","Office equipment","Bench","Food","Food group","Laptop","Billboard","Cartoon","Motorsport","News","Pole","Screen door","Audio equipment","Locomotive","Railroad car","Railway","Track","Snow","Pattern","Meadow","Transport","id","type","data","gender","poly_area"
"1",8,77,102,1506,13,65,79,384,25,269,18,99,34,1,13,1,8,7,199,9,5,1680,1077,13,133,1807,12,3,68,129,33,395,52,654,6,42,99,24,119,2,845,147,236,14,53,205,159,9,12,3,688,802,40,33,21,18,1,55,164,22,12,1,14,6,380,652,28,364,21,72,6,25,29,82,867,16,3,637,19,2,12,2,22,121,1624,22,99,10,134,13,17,6,13,264,2,911,2,812,13,831,39,957,288,14,38,857,14,1426,13,62,39,16,4,1,2473,0,0,0,0,0,0,0,0,0,0,0,0,0,0,0,0,0,0,0,0,0,0,0,0,0,0,0,0,0,0,0,0,0,0,0,0,0,0,0,0,0,0,0,0,0,0,0,0,0,0,0,0,0,0,0,0,0,0,0,0,0,0,0,0,0,0,0,0,0,0,0,0,0,0,0,0,0,0,0,0,0,0,0,0,0,0,0,0,0,0,0,0,0,0,0,0,0,0,0,0,0,0,0,0,0,0,0,0,0,0,0,0,0,0,0,0,0,0,0,0,0,0,0,0,0,0,0,0,0,0,0,0,0,0,0,0,0,0,0,0,0,0,0,0,0,0,0,0,0,0,0,0,0,0,0,0,0,0,0,0,0,0,0,0,0,0,0,0,0,0,0,0,0,0,0,0,0,0,0,0,0,0,0,0,0,0,0,NA,NA,NA,NA,NA,NA,NA,NA,NA,NA,NA,NA,NA,NA,NA,NA,NA,NA,NA,"715","safePolygon","Férfi","Male",15013.4026259035
"2",0,0,21,270,0,3,0,9,1,23,0,3,0,0,1,0,0,0,8,3,1,266,100,1,53,228,13,1,13,4,2,60,3,116,6,0,6,0,1,0,190,7,6,4,0,40,6,0,17,0,109,32,40,1,0,0,0,0,2,22,0,0,0,0,71,45,0,28,22,14,0,4,0,37,163,0,0,181,2,4,17,0,0,22,229,0,22,0,16,1,0,1,1,61,0,28,4,46,1,237,0,51,18,22,3,51,0,200,1,5,0,0,0,10,330,0,0,0,0,0,0,0,0,0,0,0,0,0,0,0,0,0,0,0,0,0,0,0,0,0,0,0,0,0,0,0,0,0,0,0,0,0,0,0,0,0,0,0,0,0,0,0,0,0,0,0,0,0,0,0,0,0,0,0,0,0,0,0,0,0,0,0,0,0,0,0,0,0,0,0,0,0,0,0,0,0,0,0,0,0,0,0,0,0,0,0,0,0,0,0,0,0,0,0,0,0,0,0,0,0,0,0,0,0,0,0,0,0,0,0,0,0,0,0,0,0,0,0,0,0,0,0,0,0,0,0,0,0,0,0,0,0,0,0,0,0,0,0,0,0,0,0,0,0,0,0,0,0,0,0,0,0,0,0,0,0,0,0,0,0,0,0,0,0,0,0,0,0,0,0,0,0,0,0,0,0,0,0,0,0,0,0,NA,NA,NA,NA,NA,NA,NA,NA,NA,NA,NA,NA,NA,NA,NA,NA,NA,NA,NA,"717","safePolygon","Férfi","Male",1847.41845428525
"3",239,0,1259,10117,0,48,46,346,124,407,1,242,254,0,0,0,0,0,5612,125,80,8524,2917,0,9,9694,0,0,0,342,1080,1132,342,3329,302,59,2238,0,2972,1,6704,5081,487,225,958,1712,1943,0,0,0,3461,1073,0,0,0,724,0,1595,3091,257,0,168,0,0,3159,11217,259,5367,12,388,489,458,0,195,7806,40,60,6239,181,0,0,99,0,2,12196,0,1025,0,884,0,372,0,560,2798,0,2513,0,9452,0,4786,575,2377,150,33,331,2134,99,6063,1111,1462,318,1,0,14,16723,17,25,4,89,99,3,176,6,64,235,675,16,572,20,55,38,1,234,112,25,18,176,25,2,12,0,0,0,0,0,0,0,0,0,0,0,0,0,0,0,0,0,0,0,0,0,0,0,0,0,0,0,0,0,0,0,0,0,0,0,0,0,0,0,0,0,0,0,0,0,0,0,0,0,0,0,0,0,0,0,0,0,0,0,0,0,0,0,0,0,0,0,0,0,0,0,0,0,0,0,0,0,0,0,0,0,0,0,0,0,0,0,0,0,0,0,0,0,0,0,0,0,0,0,0,0,0,0,0,0,0,0,0,0,0,0,0,0,0,0,0,0,0,0,0,0,0,0,0,0,0,0,0,0,0,0,0,0,0,0,0,0,0,0,0,0,0,0,0,0,0,0,0,0,0,0,0,0,0,0,0,0,0,0,0,0,0,NA,NA,NA,NA,NA,NA,NA,NA,NA,NA,NA,NA,NA,NA,NA,NA,NA,NA,NA,"719","fearPolygon","Férfi","Male",139339.690656602
"4",2549,229,7730,64879,0,926,1449,2434,5399,3317,36,502,607,0,0,0,1,0,36467,0,0,42716,28953,0,3,69628,0,0,466,3012,5743,5699,1195,20570,0,1478,14715,0,18032,0,39389,26516,2593,935,3396,6987,12450,0,0,0,19119,14754,1073,129,0,2199,0,2970,21002,995,0,1,0,0,19216,75441,1252,28028,132,3701,462,2958,0,3006,42380,142,0,34698,198,419,81,0,0,690,82740,0,4295,0,5985,0,1176,0,1803,15483,0,12894,0,74790,0,33026,2627,20081,961,74,648,12018,150,34906,1648,3760,4109,46,0,15,103247,0,0,0,475,566,314,0,1409,148,3067,957,0,1358,0,0,16,0,0,645,0,0,406,0,0,186,125,173,98,540,1,71,12,381,95,350,55,13,336,293,4,138,2,268,3,70,107,1,157,92,4,63,93,24,41,46,0,0,0,0,0,0,0,0,0,0,0,0,0,0,0,0,0,0,0,0,0,0,0,0,0,0,0,0,0,0,0,0,0,0,0,0,0,0,0,0,0,0,0,0,0,0,0,0,0,0,0,0,0,0,0,0,0,0,0,0,0,0,0,0,0,0,0,0,0,0,0,0,0,0,0,0,0,0,0,0,0,0,0,0,0,0,0,0,0,0,0,0,0,0,0,0,0,0,0,0,0,0,0,0,0,0,0,0,0,0,0,0,0,0,0,0,0,0,0,0,0,0,0,0,0,0,0,0,0,0,0,0,NA,NA,NA,NA,NA,NA,NA,NA,NA,NA,NA,NA,NA,NA,NA,NA,NA,NA,NA,"719","fearPolygon","Férfi","Male",73101.0478753
"5",0,2,14,335,7,1,0,24,13,15,0,0,0,0,5,0,0,0,38,0,0,300,93,5,114,290,19,0,16,0,0,108,1,149,1,0,6,0,0,1,196,5,8,0,0,46,8,0,14,0,170,36,23,28,0,5,0,1,7,14,7,0,0,0,62,74,10,12,26,25,1,0,0,106,178,0,0,252,5,0,19,0,0,14,266,0,19,2,31,5,1,0,5,63,0,39,0,82,5,302,0,80,22,0,1,42,0,186,0,5,4,0,0,16,409,0,0,0,0,0,0,0,0,0,0,0,0,0,0,0,0,0,0,0,0,0,0,0,0,0,0,0,0,0,0,0,0,0,0,0,0,0,0,2,0,0,0,0,0,0,0,0,0,0,0,0,0,0,0,0,19,0,0,0,0,0,0,0,0,0,0,0,0,0,0,0,0,0,0,0,0,0,0,0,0,0,0,0,0,0,0,0,0,0,0,0,0,0,0,0,0,0,0,0,0,0,0,0,0,0,0,0,0,0,0,0,0,0,0,0,0,0,0,0,0,0,0,0,0,0,0,0,0,0,0,0,0,0,0,0,0,0,0,0,0,0,0,0,0,0,0,0,0,0,0,0,0,0,0,0,0,0,0,0,0,0,0,0,0,0,0,0,0,0,0,0,0,0,0,0,0,0,0,0,0,0,0,0,0,0,0,0,NA,NA,NA,NA,NA,NA,NA,NA,NA,NA,NA,NA,NA,NA,NA,NA,NA,NA,NA,"719","safePolygon","Férfi","Male",2224.33746842295
"6",119,0,178,2645,0,3,0,19,138,8,0,8,12,0,0,0,0,0,2050,0,0,1514,329,0,0,3017,0,0,26,8,1057,0,0,804,0,1,918,0,997,0,1579,2780,0,261,301,203,650,0,0,0,295,254,0,0,0,586,0,2197,2283,21,0,0,0,0,366,4799,21,1334,25,20,0,65,0,81,1633,0,0,1172,0,0,0,0,0,1,4445,0,126,0,493,0,6,0,344,351,0,176,0,3896,0,1502,313,262,32,0,0,91,0,932,15,494,310,1,0,17,4990,0,0,28,33,0,0,0,22,25,152,104,40,294,0,0,46,0,0,1,0,0,273,0,0,1,7,0,5,0,0,0,0,0,0,44,0,0,0,0,0,39,0,45,39,0,0,0,0,0,0,0,0,0,0,0,0,26,1,1,12,42,17,9,6,1,20,0,0,0,0,0,0,0,0,0,0,0,0,0,0,0,0,0,0,0,0,0,0,0,0,0,0,0,0,0,0,0,0,0,0,0,0,0,0,0,0,0,0,0,0,0,0,0,0,0,0,0,0,0,0,0,0,0,0,0,0,0,0,0,0,0,0,0,0,0,0,0,0,0,0,0,0,0,0,0,0,0,0,0,0,0,0,0,0,0,0,0,0,0,0,0,0,0,0,0,0,0,0,0,0,0,0,0,0,0,0,0,0,0,0,0,0,0,0,0,0,0,NA,NA,NA,NA,NA,NA,NA,NA,NA,NA,NA,NA,NA,NA,NA,NA,NA,NA,NA,"720","safePolygon","Nő","Female",85777.1476684809
"7",536,2,4506,30882,0,852,415,2868,1252,2149,0,1159,2221,0,0,0,0,0,14779,0,0,20701,12676,0,64,17645,0,872,99,556,12120,2668,229,17513,43,64,7164,0,3346,0,13592,11314,1037,3336,6522,5066,10406,38,0,0,6923,5308,246,236,0,4633,0,8442,7131,409,7,3,0,0,6535,30733,1359,10116,418,1232,223,1441,0,1770,16785,82,0,26449,0,99,0,0,0,0,39762,0,3404,0,2584,0,524,0,647,2454,34,8973,0,26988,0,18161,398,11212,742,37,28,6781,43,10445,1881,2418,2325,47,0,18,49105,1,23,0,251,0,62,0,0,0,60,541,2284,66,136,66,0,85,17,1326,0,137,430,0,0,60,0,1,39,49,0,0,0,0,0,0,0,0,0,77,0,0,0,0,270,82,3609,37,0,0,0,0,0,0,0,0,0,0,0,0,1,0,18,0,0,0,0,65,12,97,71,836,251,35,420,173,78,1,31,73,19,0,0,0,0,0,0,0,0,0,0,0,0,0,0,0,0,0,0,0,0,0,0,0,0,0,0,0,0,0,0,0,0,0,0,0,0,0,0,0,0,0,0,0,0,0,0,0,0,0,0,0,0,0,0,0,0,0,0,0,0,0,0,0,0,0,0,0,0,0,0,0,0,0,0,0,0,0,0,0,0,0,0,0,0,0,0,0,0,0,0,0,0,0,0,0,0,0,0,0,0,0,0,0,0,0,0,0,NA,NA,NA,NA,NA,NA,NA,NA,NA,NA,NA,NA,NA,NA,NA,NA,NA,NA,NA,"720","safePolygon","Nő","Female",71798.6926010549
"8",18,4,105,2260,0,163,75,438,221,565,0,203,74,0,0,0,8,0,741,0,0,2095,2085,0,28,1230,0,27,2,0,95,39,0,520,2,25,497,0,21,0,1747,386,462,13,455,297,222,0,0,0,823,1027,84,1,0,197,0,273,414,83,0,0,0,0,951,2791,38,915,59,48,0,53,0,42,1450,0,0,979,2,0,15,0,0,9,2266,0,167,0,231,0,82,0,75,432,0,1325,0,2452,15,1049,168,1864,309,30,0,1237,38,1405,1,299,37,15,9,19,3918,0,0,0,8,56,11,0,0,0,1,0,0,22,0,3,0,0,0,34,0,0,0,0,0,1,0,0,6,29,0,0,0,0,0,12,0,0,0,11,0,19,0,0,2,0,0,0,0,0,0,0,0,0,20,0,0,0,0,0,0,0,0,0,0,0,0,0,0,0,0,0,0,0,0,0,0,0,0,30,0,6,1,5,10,10,0,0,0,0,0,0,0,0,0,0,0,0,0,0,0,0,0,0,0,0,0,0,0,0,0,0,0,0,0,0,0,0,0,0,0,0,0,0,0,0,0,0,0,0,0,0,0,0,0,0,0,0,0,0,0,0,0,0,0,0,0,0,0,0,0,0,0,0,0,0,0,0,0,0,0,0,0,0,0,0,0,0,0,0,0,0,0,0,0,0,0,0,0,0,0,0,0,0,0,0,0,0,NA,NA,NA,NA,NA,NA,NA,NA,NA,NA,NA,NA,NA,NA,NA,NA,NA,NA,NA,"720","safePolygon","Nő","Female",51247.3201628625
"9",2,0,40,138,0,0,0,12,5,18,0,1,1,0,0,0,0,0,94,6,0,156,106,0,0,164,0,0,0,2,26,13,2,42,0,0,21,0,32,0,68,67,21,0,9,30,14,0,0,0,29,53,0,0,0,21,0,58,57,7,0,0,0,0,0,180,6,95,9,3,9,15,0,0,69,0,0,64,0,9,0,0,0,0,176,0,8,0,14,0,0,0,0,13,0,75,0,176,0,129,31,83,17,0,7,75,0,114,8,18,19,0,0,20,276,0,0,0,0,0,0,0,0,0,0,0,0,5,0,0,0,0,6,0,0,0,0,0,0,0,0,0,0,0,0,0,0,0,0,0,0,0,0,0,0,0,0,2,0,0,0,0,0,0,0,0,0,0,0,0,0,0,0,0,0,0,0,0,0,0,0,0,0,0,0,0,0,0,0,0,0,0,0,0,0,0,0,0,0,0,10,0,0,0,0,0,0,0,0,0,0,0,0,0,0,0,0,0,0,0,0,0,0,0,0,0,0,0,0,0,0,0,0,0,0,0,0,0,0,0,0,0,0,0,0,0,0,0,0,0,0,0,0,0,0,0,0,0,0,0,0,0,0,0,0,0,0,0,0,0,0,0,0,0,0,0,0,0,0,0,0,0,0,0,0,0,0,0,0,0,0,0,0,0,0,0,0,0,0,0,0,0,NA,NA,NA,NA,NA,NA,NA,NA,NA,NA,NA,NA,NA,NA,NA,NA,NA,NA,NA,"721","safePolygon","Nő","Female",1174.91776287928
"10",35,0,26,403,0,9,0,15,0,0,0,10,0,0,0,0,0,0,376,0,0,409,140,0,0,75,0,0,0,12,29,22,4,229,1,0,211,0,65,0,151,134,0,23,20,110,65,0,0,0,27,61,1,0,0,48,0,35,352,0,0,0,0,0,127,518,0,203,0,29,14,0,0,0,275,0,0,343,0,0,0,0,0,0,419,0,56,0,12,0,11,0,0,12,0,108,0,560,0,298,17,120,32,22,16,89,0,372,34,59,140,4,0,21,709,0,0,0,13,0,0,0,0,0,0,40,0,0,0,0,0,0,0,13,0,0,0,0,0,0,0,0,0,0,0,0,0,0,0,0,0,0,0,0,12,0,0,0,0,0,0,0,0,0,0,0,0,0,22,0,0,0,0,0,0,0,0,0,0,0,0,0,0,0,0,0,0,0,0,0,0,0,0,1,0,0,0,0,0,0,0,1,0,0,0,0,0,0,0,0,0,0,0,0,0,0,0,0,0,0,0,0,0,0,0,0,0,0,0,0,0,0,0,0,0,0,0,0,0,0,0,0,0,0,0,0,0,0,0,0,0,0,0,0,0,0,0,0,0,0,0,0,0,0,0,0,0,0,0,0,0,0,0,0,0,0,0,0,0,0,0,0,0,0,0,0,0,0,0,0,0,0,0,0,0,0,0,0,0,0,0,0,NA,NA,NA,NA,NA,NA,NA,NA,NA,NA,NA,NA,NA,NA,NA,NA,NA,NA,NA,"721","safePolygon","Nő","Female",3437.74939183146
"11",0,0,18,76,0,0,5,28,1,3,0,3,0,0,0,0,0,0,35,0,0,86,44,0,0,55,0,0,0,26,0,26,11,24,0,5,22,0,8,0,11,19,0,0,0,9,23,0,0,0,6,36,0,0,0,0,0,0,16,0,5,0,0,0,3,36,0,28,1,1,3,0,0,0,38,0,0,45,0,0,0,0,0,0,48,0,8,0,6,0,3,0,0,0,0,16,0,36,0,62,0,33,0,0,5,18,0,81,6,19,0,7,0,22,112,0,0,0,0,0,0,0,0,0,0,0,0,1,8,0,0,2,0,0,0,5,0,0,0,0,0,0,0,0,0,0,0,0,0,0,0,0,0,0,0,0,0,0,0,0,0,0,0,0,0,0,0,0,0,0,0,0,0,0,0,0,0,0,0,0,0,0,0,0,0,0,0,0,0,0,0,0,0,0,0,0,0,0,0,0,0,0,0,0,0,0,0,0,0,0,0,0,0,0,0,0,0,0,0,0,0,0,0,0,0,0,0,0,0,0,0,0,0,0,0,0,0,0,0,0,0,0,0,0,0,0,0,0,0,0,0,0,0,0,0,0,0,0,0,0,0,0,0,0,0,0,0,0,0,0,0,0,0,0,0,0,0,0,0,0,0,0,0,0,0,0,0,0,0,0,0,0,0,0,0,0,0,0,0,0,0,0,NA,NA,NA,NA,NA,NA,NA,NA,NA,NA,NA,NA,NA,NA,NA,NA,NA,NA,NA,"721","safePolygon","Nő","Female",904.740817773156
"12",148,0,435,2729,0,20,0,156,2,129,0,108,17,0,0,0,0,0,2017,105,43,3276,990,0,0,3258,0,0,0,235,333,576,322,1457,173,2,583,0,782,0,1506,1208,216,22,299,517,629,0,0,0,814,246,0,0,0,268,0,317,922,228,0,119,0,0,524,2694,57,1524,0,139,441,193,0,68,2105,48,95,2207,0,0,0,2,0,1,3457,0,421,0,68,0,185,0,128,477,0,813,0,2535,0,1891,188,767,84,1,145,717,25,2628,468,325,181,0,0,27,5178,0,23,0,0,0,0,164,0,17,0,323,0,156,0,32,0,0,149,0,38,45,21,0,2,0,0,0,0,0,0,0,0,0,0,0,0,0,0,0,1,0,0,0,0,0,0,0,0,0,0,0,0,0,0,0,0,0,0,0,0,0,0,0,0,0,0,0,0,0,0,0,0,0,0,0,0,0,0,0,0,0,0,0,0,0,0,0,0,0,0,0,0,0,0,0,0,0,0,0,0,0,0,0,0,0,0,0,0,0,0,0,0,0,0,0,0,0,0,0,0,0,0,0,0,0,0,0,0,0,0,0,0,0,0,0,0,0,0,0,0,0,0,0,0,0,0,0,0,0,0,0,0,0,0,0,0,0,0,0,0,0,0,0,0,0,0,0,0,0,0,0,0,0,0,0,0,0,0,0,0,0,0,0,0,0,0,0,NA,NA,NA,NA,NA,NA,NA,NA,NA,NA,NA,NA,NA,NA,NA,NA,NA,NA,NA,"721","fearPolygon","Nő","Female",51262.972831279
"13",0,15,49,704,0,4,1,197,116,357,18,119,19,0,0,0,0,0,93,0,0,515,912,0,0,641,0,0,0,0,0,83,0,284,0,19,118,0,99,0,434,110,193,0,49,44,36,0,0,0,265,396,6,0,0,0,0,0,29,0,0,0,0,0,311,884,10,136,12,35,0,20,0,69,269,0,0,367,0,0,1,0,0,0,838,0,87,0,59,0,45,0,0,23,0,712,0,679,0,354,11,847,162,0,0,598,0,305,0,91,0,0,0,28,1291,0,0,0,0,0,0,0,0,0,0,0,0,0,0,0,0,0,0,0,0,0,0,0,0,0,0,0,0,0,0,0,0,0,0,0,0,0,0,9,0,0,0,0,0,0,0,0,0,0,0,0,0,0,0,0,0,0,0,0,0,0,0,0,0,0,0,0,0,0,0,0,0,0,0,0,0,0,0,0,0,46,0,0,0,0,0,0,5,0,0,0,0,0,0,0,0,0,0,0,0,0,0,0,0,0,0,0,0,0,0,0,0,0,0,0,0,0,0,0,0,0,0,0,0,0,0,0,0,0,0,0,0,0,0,0,0,0,0,0,0,0,0,0,0,0,0,0,0,0,0,0,0,0,0,0,0,0,0,0,0,0,0,0,0,0,0,0,0,0,0,0,0,0,0,0,0,0,0,0,0,0,0,0,0,0,0,0,NA,NA,NA,NA,NA,NA,NA,NA,NA,NA,NA,NA,NA,NA,NA,NA,NA,NA,NA,"722","fearPolygon","Férfi","Male",4143.20680177398
"14",124,24,97,3378,9,97,53,267,269,403,0,203,188,0,0,0,24,0,1621,0,0,2711,1889,0,33,2460,0,98,19,65,78,329,33,1204,0,14,713,0,178,0,1750,552,238,55,512,295,727,15,0,0,1282,914,184,28,0,264,0,458,808,105,0,0,0,0,1036,4040,46,955,79,253,51,296,0,162,1836,2,0,2500,20,3,0,0,0,6,3652,1,501,0,322,0,226,0,46,763,8,1287,0,4148,0,1976,51,1804,148,18,55,1070,13,1859,81,722,360,3,0,29,5584,17,89,0,4,0,14,0,0,0,15,49,0,65,14,0,12,9,17,96,0,0,0,0,0,0,0,0,0,26,15,0,0,0,0,38,0,0,0,0,0,0,0,3,12,0,0,11,0,0,1,0,0,0,10,0,0,0,0,0,0,0,0,0,0,0,1,0,0,0,0,0,0,0,0,0,0,0,0,7,0,28,24,0,0,0,0,0,0,16,16,5,9,25,25,0,0,0,0,0,0,0,0,0,0,0,0,0,0,0,0,0,0,0,0,0,0,0,0,0,0,0,0,0,0,0,0,0,0,0,0,0,0,0,0,0,0,0,0,0,0,0,0,0,0,0,0,0,0,0,0,0,0,0,0,0,0,0,0,0,0,0,0,0,0,0,0,0,0,0,0,0,0,0,0,0,0,0,0,0,0,0,0,0,0,0,0,0,NA,NA,NA,NA,NA,NA,NA,NA,NA,NA,NA,NA,NA,NA,NA,NA,NA,NA,NA,"722","safePolygon","Férfi","Male",62264.2456009388
"15",0,1,23,272,2,1,0,5,1,22,0,2,0,0,0,0,0,0,7,1,0,265,93,0,69,247,15,5,19,1,0,66,1,120,13,0,0,0,0,0,183,1,6,0,0,54,15,0,21,0,108,24,35,5,0,0,0,0,0,21,2,0,3,0,89,35,0,17,11,15,0,0,0,58,161,0,0,193,0,0,21,0,0,11,246,0,14,1,19,0,0,0,0,58,0,33,0,44,0,252,0,56,21,11,1,56,0,191,0,0,3,0,0,30,335,0,0,0,0,0,0,0,0,0,0,0,0,0,0,0,0,0,0,0,0,0,0,0,0,0,0,0,0,0,0,0,0,0,0,0,0,0,0,0,0,0,0,0,0,0,0,0,0,0,0,0,0,0,0,0,0,0,0,0,0,0,0,0,0,0,0,0,0,0,0,0,0,0,0,0,0,0,0,2,0,0,0,0,0,0,0,0,0,0,0,0,0,0,0,2,0,0,0,0,0,0,0,0,0,0,0,0,0,0,0,0,0,0,0,0,0,0,0,0,0,0,0,0,0,0,0,0,0,0,0,0,0,0,0,0,0,0,0,0,0,0,0,0,0,0,0,0,0,0,0,0,0,0,0,0,0,0,0,0,0,0,0,0,0,0,0,0,0,0,0,0,0,0,0,0,0,0,0,0,0,0,0,0,0,0,0,0,NA,NA,NA,NA,NA,NA,NA,NA,NA,NA,NA,NA,NA,NA,NA,NA,NA,NA,NA,"723","safePolygon","Nő","Female",1456.90712914988
"16",159,76,1797,14742,0,238,278,451,1470,1073,18,229,196,0,0,0,0,0,7106,0,0,9776,7477,0,0,16507,0,0,8,993,994,1451,429,3538,0,443,2740,0,3608,0,9642,5525,844,74,623,1572,2535,0,0,0,3443,3761,142,0,0,147,0,397,4098,223,0,0,0,0,5637,18249,105,6996,0,905,122,650,0,804,9749,14,0,6452,91,28,0,0,0,204,18360,0,765,0,1258,0,133,0,443,3079,0,3578,0,16833,0,7347,409,5271,270,18,224,3402,50,7894,641,865,472,15,0,34,23249,0,0,0,23,243,67,0,252,3,192,89,0,355,0,0,0,0,0,244,0,0,155,0,0,14,0,0,57,43,0,62,16,119,1,3,34,16,14,101,0,0,0,30,0,46,21,0,26,26,0,12,26,42,0,0,0,0,0,0,0,0,0,0,0,0,0,0,0,1,0,0,0,0,0,0,0,0,0,0,0,0,0,0,0,0,0,0,0,0,0,0,0,0,0,0,1,0,0,0,0,0,0,0,0,0,0,0,0,0,0,0,0,0,0,0,0,0,0,0,0,0,0,0,0,0,0,0,0,0,0,0,0,0,0,0,0,0,0,0,0,0,0,0,0,0,0,0,0,0,0,0,0,0,0,0,0,0,0,0,0,0,0,0,0,0,0,0,0,0,0,0,0,0,0,0,0,0,0,0,0,0,0,0,0,0,0,0,NA,NA,NA,NA,NA,NA,NA,NA,NA,NA,NA,NA,NA,NA,NA,NA,NA,NA,NA,"723","fearPolygon","Nő","Female",53880.6415189505
"17",220,45,1245,10773,22,829,133,2320,315,2724,6,794,845,0,0,0,5,0,4781,0,0,9022,8438,0,59,3454,0,339,26,145,490,708,60,3257,9,61,2307,0,523,0,5944,2466,2238,159,2126,1598,1708,0,0,0,2963,4581,41,51,0,579,0,1319,3110,221,0,0,0,0,3198,13248,447,3713,250,452,113,521,0,212,5631,0,0,6100,3,58,30,3,0,0,11087,0,746,0,889,0,100,0,228,1364,5,6700,0,12305,0,8667,250,7661,917,19,17,6051,51,4600,297,1548,910,9,0,35,18350,5,63,1,159,15,11,0,0,0,124,212,11,218,56,0,30,0,7,407,0,17,0,0,0,0,0,0,6,14,0,0,0,0,0,24,0,0,0,117,13,21,0,6,36,0,0,0,0,0,0,0,0,0,0,0,2,0,0,0,0,0,1,0,0,0,0,0,8,69,3,177,0,0,0,43,0,0,0,50,0,12,5,0,0,0,0,0,22,0,13,0,0,0,0,0,0,7,7,7,22,9,11,0,0,0,0,0,0,0,0,0,0,0,0,0,0,0,0,0,0,0,0,0,0,0,0,0,0,0,0,0,0,0,0,0,0,0,0,0,0,0,0,0,0,0,0,0,0,0,0,0,0,0,0,0,0,0,0,0,0,0,0,0,0,0,0,0,0,0,0,0,0,0,0,0,0,0,0,0,0,0,0,0,0,0,0,0,NA,NA,NA,NA,NA,NA,NA,NA,NA,NA,NA,NA,NA,NA,NA,NA,NA,NA,NA,"724","fearPolygon","Férfi","Male",223786.231020093
"18",10,13,61,273,0,10,0,30,2,10,0,0,0,0,0,0,0,0,191,27,6,408,117,0,0,343,0,0,0,69,21,111,72,219,0,0,35,0,116,0,203,48,27,10,9,51,21,0,0,0,148,36,0,0,0,12,0,21,47,56,0,0,0,0,70,227,13,215,0,10,66,37,0,1,236,20,13,279,0,0,0,0,0,3,373,0,58,0,1,0,1,0,19,36,0,84,0,165,0,208,8,130,19,13,37,65,0,392,96,3,19,0,0,40,583,0,0,0,0,0,0,7,0,0,0,23,0,0,0,0,0,0,24,0,11,0,2,0,1,0,0,0,0,0,0,0,0,0,0,0,0,0,0,10,0,0,0,0,0,0,0,0,0,0,0,0,0,0,0,0,0,0,0,0,0,0,0,0,0,0,0,0,0,0,0,0,0,0,0,0,0,0,0,0,0,0,0,0,0,0,0,0,0,0,0,0,0,0,0,0,0,0,0,0,0,0,0,2,0,0,0,0,0,0,0,0,0,0,0,0,0,0,0,0,0,0,0,0,0,0,0,0,0,0,0,0,0,0,0,0,0,0,0,0,0,0,0,0,0,0,0,0,0,0,0,0,0,0,0,0,0,0,0,0,0,0,0,0,0,0,0,0,0,0,0,0,0,0,0,0,0,0,0,0,0,0,0,0,0,0,0,0,NA,NA,NA,NA,NA,NA,NA,NA,NA,NA,NA,NA,NA,NA,NA,NA,NA,NA,NA,"726","fearPolygon","Férfi","Male",3919.81622354873
"19",0,1,48,271,0,2,0,8,0,31,0,14,0,0,0,0,0,0,111,8,1,306,104,0,0,356,0,0,0,20,35,29,30,67,0,0,37,0,71,0,214,151,18,2,10,51,21,0,0,0,90,28,0,0,0,12,0,52,56,23,0,0,0,0,88,369,0,208,0,18,29,12,0,9,247,5,1,120,0,0,0,0,0,1,340,0,15,0,18,0,0,0,18,93,0,100,0,250,0,121,23,105,2,1,7,94,0,327,35,0,0,0,0,41,503,0,0,0,0,0,0,2,0,0,0,26,0,44,0,0,0,0,21,0,0,0,0,0,1,0,0,0,0,0,0,0,0,0,0,0,0,0,0,2,0,0,0,0,0,0,0,0,0,0,0,0,0,0,0,0,0,0,0,0,0,0,0,0,0,0,0,0,0,0,0,0,0,0,0,0,0,0,0,0,0,0,0,0,0,0,0,0,0,0,0,0,0,0,0,0,0,0,0,0,0,0,0,0,0,0,0,0,0,0,0,0,0,0,0,0,0,0,0,0,0,0,0,0,0,0,0,0,0,0,0,0,0,0,0,0,0,0,0,0,0,0,0,0,0,0,0,0,0,0,0,0,0,0,0,0,0,0,0,0,0,0,0,0,0,0,0,0,0,0,0,0,0,0,0,0,0,0,0,0,0,0,0,0,0,0,0,0,NA,NA,NA,NA,NA,NA,NA,NA,NA,NA,NA,NA,NA,NA,NA,NA,NA,NA,NA,"726","fearPolygon","Férfi","Male",13043.5404440463
"20",237,178,1537,8847,1,377,622,1007,442,706,0,271,100,0,0,0,39,0,3497,227,46,9036,5406,0,182,7986,0,95,3,1193,224,2463,539,3219,167,189,844,0,2275,0,6130,2363,815,48,647,1214,1125,0,0,0,2965,2444,15,64,0,105,0,251,1615,249,0,0,0,0,3499,8701,239,4244,202,764,369,563,26,261,7060,98,0,4037,0,0,16,29,0,71,9321,37,766,26,752,0,114,0,309,1729,93,3145,0,7908,0,5688,399,4126,387,217,264,2870,204,8456,566,883,320,14,0,42,15290,0,0,0,36,33,0,0,43,0,48,116,0,306,174,0,0,15,176,0,0,50,180,0,0,0,21,0,0,48,0,0,0,37,0,18,0,0,25,34,0,0,0,45,17,0,0,0,0,0,0,0,0,0,0,0,0,0,34,0,0,0,26,1,14,0,0,0,0,12,0,0,0,0,0,0,0,0,0,0,0,0,31,31,0,0,0,0,0,6,0,0,0,0,0,0,0,65,0,0,0,0,0,284,36,30,45,10,14,3,6,2,1,17,9,23,0,0,0,0,0,0,0,0,0,0,0,0,0,0,0,0,0,0,0,0,0,0,0,0,0,0,0,0,0,0,0,0,0,0,0,0,0,0,0,0,0,0,0,0,0,0,0,0,0,0,0,0,0,0,0,0,0,0,0,0,0,0,0,0,0,0,0,0,0,0,0,0,NA,NA,NA,NA,NA,NA,NA,NA,NA,NA,NA,NA,NA,NA,NA,NA,NA,NA,NA,"727","fearPolygon","Férfi","Male",43285.1601946056
"21",288,97,1685,17728,18,1115,273,2944,583,2809,0,863,1526,0,0,0,40,0,8212,0,0,12912,11155,0,70,7539,0,439,54,283,1806,1584,93,7839,69,202,4001,0,1121,0,8265,3987,2557,629,3669,2331,3633,79,0,0,4536,5596,273,213,0,1261,0,2102,4517,382,26,0,0,0,5143,18877,708,5640,450,795,374,774,0,763,9018,43,0,12792,24,109,79,4,0,0,19071,0,2579,0,1316,0,414,0,360,2004,14,8451,0,18206,0,12860,349,10044,1009,95,40,7400,47,6961,766,2301,1821,40,0,43,28742,17,127,21,126,17,30,0,0,0,48,379,406,248,88,0,27,16,15,597,0,42,103,13,0,0,10,8,1,99,3,0,0,0,0,32,0,0,0,112,17,39,0,33,54,0,425,0,8,0,0,0,0,0,0,0,0,0,0,0,21,0,2,10,0,0,1,0,21,120,12,344,0,0,122,83,0,0,0,60,0,17,11,0,0,0,0,0,29,0,22,0,0,0,0,0,0,0,37,8,17,10,42,0,0,0,10,0,0,17,0,0,0,0,0,0,1,3,5,1,58,13,10,7,0,0,0,0,0,0,0,0,0,0,0,0,0,0,0,0,0,0,0,0,0,0,0,0,0,0,0,0,0,0,0,0,0,0,0,0,0,0,0,0,0,0,0,0,0,0,0,0,0,0,0,0,0,0,0,0,0,0,0,0,0,0,0,0,NA,NA,NA,NA,NA,NA,NA,NA,NA,NA,NA,NA,NA,NA,NA,NA,NA,NA,NA,"727","safePolygon","Férfi","Male",339391.853643954
"22",359,0,1980,9885,0,141,243,704,266,151,0,81,123,0,0,0,17,0,9401,45,20,7553,2333,0,19,3298,0,11,0,490,448,995,135,3354,14,132,1887,0,4648,0,4692,3458,179,180,1043,1964,1952,0,0,0,2976,1492,12,4,0,550,0,1656,4525,261,4,0,0,0,1623,12054,125,4249,134,572,66,783,0,185,6668,63,0,7025,50,30,2,80,0,24,11372,14,1008,0,274,0,120,0,304,2146,9,1199,0,12454,0,6905,429,2245,99,17,165,954,0,5859,578,2264,1901,64,0,44,16086,0,92,17,59,7,4,0,207,0,351,1170,0,267,0,11,0,0,14,463,0,0,112,0,10,0,7,0,0,11,0,0,0,5,1,1,0,0,0,68,0,37,0,17,1,0,0,6,0,0,0,0,0,3,0,0,0,0,0,0,0,1,0,0,5,0,0,0,0,0,0,0,0,0,0,0,0,0,0,8,0,0,17,11,0,0,0,0,0,0,0,0,0,0,0,0,0,3,0,0,0,0,0,0,0,9,0,0,0,0,0,0,0,0,0,23,0,0,0,9,0,0,0,0,11,1,17,4,6,0,0,0,0,0,0,0,0,0,0,0,0,0,0,0,0,0,0,0,0,0,0,0,0,0,0,0,0,0,0,0,0,0,0,0,0,0,0,0,0,0,0,0,0,0,0,0,0,0,0,0,0,0,0,0,0,0,0,0,NA,NA,NA,NA,NA,NA,NA,NA,NA,NA,NA,NA,NA,NA,NA,NA,NA,NA,NA,"728","safePolygon","Nő","Female",183478.832484692
"23",262,170,361,28340,0,292,551,689,5005,891,1,215,385,0,0,0,27,0,10339,187,165,8040,8522,0,8,36748,0,0,384,66,4883,1282,80,10403,33,324,7422,0,1507,0,19028,10881,438,807,3066,473,7678,0,0,0,12316,4886,425,104,0,2710,0,4563,13165,38,0,1,0,0,8265,29682,787,6240,110,1123,168,355,0,1700,18868,47,0,14261,51,0,0,0,0,170,37497,58,2352,0,2170,0,1207,0,1448,8370,0,3879,58,28743,0,7854,2301,7091,329,84,18,3346,0,6404,33,1535,865,43,0,45,41225,0,0,138,0,119,69,0,0,14,1093,69,0,276,0,1,1,0,0,317,0,0,2,0,0,53,201,136,9,480,0,0,9,0,0,380,12,12,0,0,7,65,0,315,20,55,47,75,50,8,49,52,8,305,62,0,0,0,242,0,0,0,18,486,221,0,78,0,0,0,0,0,0,15,0,0,0,0,0,1,0,0,82,25,0,0,132,0,0,0,0,0,0,0,0,0,0,0,0,0,75,0,0,0,0,0,16,0,0,0,0,0,0,0,0,0,0,0,0,0,0,0,0,0,0,0,0,0,0,107,505,28,37,0,0,0,0,0,0,0,0,0,0,0,0,0,0,0,0,0,0,0,0,0,0,0,0,0,0,0,0,0,0,0,0,0,0,0,0,0,0,0,0,0,0,0,0,0,0,0,0,0,0,0,0,0,0,0,NA,NA,NA,NA,NA,NA,NA,NA,NA,NA,NA,NA,NA,NA,NA,NA,NA,NA,NA,"729","fearPolygon","Nő","Female",199061.072096646
"24",57,78,483,6241,20,226,162,1361,515,1479,23,612,346,0,0,0,30,0,2990,7,0,7229,5891,0,25,5831,0,109,41,201,139,752,68,1742,38,34,1464,0,388,0,3570,1456,1384,69,586,501,761,32,0,0,1818,3220,49,5,0,329,7,320,1426,146,17,3,0,0,2344,9126,161,2498,218,481,223,503,0,103,3553,86,0,3377,13,27,7,78,0,59,6646,10,480,4,418,0,190,0,70,745,77,4588,0,7693,0,4761,157,5638,543,1,155,3998,0,4453,389,891,298,9,3,50,12032,0,0,7,20,1,112,0,0,0,20,61,9,82,57,1,17,20,21,16,0,17,10,0,0,1,4,0,0,63,10,0,0,0,0,12,0,0,5,9,13,2,0,18,23,3,0,0,0,0,1,0,0,20,14,4,0,0,0,0,0,0,31,0,0,0,0,0,0,0,0,0,0,0,0,0,0,6,0,10,0,71,1,22,0,0,0,0,2,4,0,0,9,0,0,0,0,0,2,0,0,0,24,1,0,0,15,6,0,0,1,0,0,2,0,0,0,0,0,0,0,0,0,0,0,0,0,0,0,0,0,0,0,17,2,10,2,27,27,0,0,0,0,0,0,0,0,0,0,0,0,0,0,0,0,0,0,0,0,0,0,0,0,0,0,0,0,0,0,0,0,0,0,0,0,0,0,0,0,0,0,0,0,0,0,0,0,0,NA,NA,NA,NA,NA,NA,NA,NA,NA,NA,NA,NA,NA,NA,NA,NA,NA,NA,NA,"730","fearPolygon","Férfi","Male",129166.263992988
"25",1,0,1,746,0,0,0,0,54,7,0,0,2,0,0,0,0,0,172,0,0,176,119,0,0,827,0,0,0,0,0,5,0,151,0,0,68,0,23,0,566,23,12,13,0,47,121,0,0,0,469,332,1,0,0,0,0,11,217,0,0,0,0,0,109,499,18,53,17,2,0,0,0,41,571,0,0,365,21,0,0,0,0,0,841,0,70,0,94,0,0,0,0,178,0,155,0,795,0,467,0,175,7,0,0,153,0,144,0,66,16,8,12,51,925,0,0,0,0,118,2,0,0,0,0,0,0,1,0,0,0,0,0,0,0,0,0,0,0,0,0,0,0,0,0,0,0,0,0,0,0,0,0,0,0,58,0,0,0,0,0,0,0,0,0,8,0,0,0,0,0,0,0,0,0,0,0,0,0,0,0,0,0,0,0,0,0,0,0,0,0,0,0,16,0,0,0,0,0,6,0,0,0,0,0,0,0,0,0,0,0,0,0,0,0,0,0,0,0,0,0,0,0,0,0,0,0,0,0,0,0,0,0,0,0,0,0,0,0,0,0,0,0,0,0,0,0,0,0,0,0,0,0,0,0,0,0,0,0,0,0,0,0,0,0,0,0,0,0,0,0,0,0,0,0,0,0,0,0,0,0,0,0,0,0,0,0,0,0,0,0,0,0,0,0,0,0,0,0,0,0,0,NA,NA,NA,NA,NA,NA,NA,NA,NA,NA,NA,NA,NA,NA,NA,NA,NA,NA,NA,"730","fearPolygon","Férfi","Male",8539.01531121135
"26",0,94,0,1639,4,163,62,204,171,190,0,65,182,0,0,0,4,0,267,0,0,288,1202,0,0,1580,0,0,79,3,116,165,0,815,101,41,211,0,38,0,990,177,189,11,120,105,348,66,0,0,556,828,155,45,0,25,0,84,264,0,0,50,0,0,268,1131,97,95,0,0,9,0,0,107,802,0,0,1021,0,0,0,0,0,31,1912,0,382,0,279,0,215,0,11,89,0,744,0,988,0,326,39,1066,66,109,0,752,0,95,3,16,31,0,0,52,2278,0,0,0,0,0,0,0,0,0,0,22,10,0,0,0,0,17,0,4,0,0,19,0,0,0,13,0,0,55,23,0,0,0,0,18,0,0,0,0,12,0,0,0,0,0,0,0,0,0,0,0,0,0,4,0,0,0,0,0,0,0,0,0,0,0,0,0,0,66,0,11,0,0,0,0,0,0,0,0,0,0,0,4,0,0,0,0,0,0,0,0,20,0,0,0,0,0,0,0,0,0,0,0,0,0,13,47,0,0,0,0,0,0,0,0,0,0,0,0,10,0,0,0,0,0,0,0,0,0,0,0,0,0,0,0,0,0,0,31,0,0,0,0,0,0,0,0,0,0,0,0,0,0,0,0,0,0,0,0,0,0,0,0,0,0,0,0,0,0,0,0,0,0,0,0,0,0,0,0,0,0,0,0,0,0,0,0,NA,NA,NA,NA,NA,NA,NA,NA,NA,NA,NA,NA,NA,NA,NA,NA,NA,NA,NA,"730","fearPolygon","Férfi","Male",19300.7082255781
"27",0,0,92,613,0,9,33,40,100,41,0,40,0,0,0,0,0,0,322,0,0,522,367,0,0,692,0,11,0,0,142,53,0,96,0,5,217,0,56,0,562,334,32,11,55,11,48,0,0,0,104,241,0,0,0,62,0,140,220,26,0,0,0,0,306,1033,6,319,0,27,0,64,0,13,436,0,0,224,0,0,0,0,0,0,678,0,28,0,140,0,0,0,134,58,0,188,0,756,0,368,135,319,0,0,16,101,0,392,8,37,3,4,0,55,1129,0,0,0,0,0,13,0,0,0,8,3,0,58,0,0,0,0,0,0,0,0,0,0,0,32,0,0,0,0,0,0,0,0,0,0,0,0,0,0,0,0,0,15,10,0,0,0,0,0,0,0,0,0,0,0,0,0,0,0,0,0,0,56,5,0,0,0,0,0,0,0,0,0,0,0,0,0,0,0,0,0,0,0,0,0,0,0,0,0,0,0,0,0,0,0,0,0,0,0,0,0,0,0,0,0,0,0,0,0,0,0,0,0,0,0,0,0,0,0,0,0,0,0,0,0,0,0,0,0,0,0,0,0,0,0,0,0,0,0,0,0,0,0,0,0,0,0,0,0,0,0,0,0,0,0,0,0,0,0,0,0,0,0,0,0,0,0,0,0,0,0,0,0,0,0,0,0,0,0,0,0,0,0,0,0,0,0,NA,NA,NA,NA,NA,NA,NA,NA,NA,NA,NA,NA,NA,NA,NA,NA,NA,NA,NA,"730","safePolygon","Férfi","Male",4106.51850128174
"28",83,0,98,2217,0,4,0,67,4,46,0,38,92,0,0,0,0,0,2595,0,0,929,138,0,0,775,0,0,0,2,638,17,0,1481,0,3,498,0,473,0,1035,741,15,166,225,575,327,0,0,0,512,130,0,0,0,608,0,1898,1790,47,0,0,0,0,306,3315,32,423,31,16,0,126,0,90,1634,0,0,1422,17,0,13,0,0,0,2217,0,160,0,72,0,4,0,421,742,0,83,0,3718,0,1153,669,158,24,0,0,72,0,627,1,679,297,154,0,56,3793,0,0,21,202,0,0,0,3,0,136,186,0,92,0,0,132,0,0,66,0,0,0,0,0,0,32,0,0,16,0,0,0,0,2,7,0,0,0,0,21,0,0,28,22,0,0,0,0,0,0,0,0,0,0,0,0,0,0,0,0,0,0,21,0,0,0,0,0,0,0,0,0,0,0,0,0,0,0,0,0,0,0,0,0,0,0,0,0,0,0,0,0,0,0,0,0,0,0,0,0,0,0,0,0,0,0,0,0,0,0,0,0,0,0,0,0,0,0,0,0,0,0,0,0,0,0,0,0,0,0,0,0,0,0,0,0,0,0,0,0,0,0,0,0,0,0,0,0,0,0,0,0,0,0,0,0,0,0,0,0,0,0,0,0,0,0,0,0,0,0,0,0,0,0,0,0,0,0,0,0,0,0,0,0,0,0,0,NA,NA,NA,NA,NA,NA,NA,NA,NA,NA,NA,NA,NA,NA,NA,NA,NA,NA,NA,"731","fearPolygon","Férfi","Male",42769.9797065556
"29",0,1,26,364,12,1,0,37,13,25,0,0,0,0,12,0,0,0,17,1,1,328,128,0,102,292,20,35,20,0,0,121,3,149,0,0,16,0,0,0,221,16,6,0,8,78,36,0,0,0,171,47,47,38,0,0,0,0,3,26,12,0,13,0,88,75,19,16,0,17,2,3,0,26,201,0,0,219,25,0,23,0,0,19,271,0,3,1,26,12,3,0,13,80,0,53,0,96,12,300,0,117,16,19,3,52,0,231,0,16,3,0,0,58,454,0,0,0,0,0,0,0,0,0,0,0,0,0,0,0,0,0,0,0,0,0,0,0,0,0,0,0,0,0,0,0,0,0,0,0,0,0,0,1,0,0,0,0,0,0,0,0,0,0,0,0,0,0,0,0,20,0,0,0,0,0,0,0,0,0,0,0,0,0,0,0,0,0,0,0,0,0,0,1,0,0,0,0,0,0,0,0,0,0,0,0,0,0,0,0,0,0,0,0,0,0,0,0,0,0,0,0,0,0,0,0,0,0,0,0,0,0,0,0,0,0,0,0,0,0,0,0,0,0,0,0,0,0,0,0,0,0,0,0,12,0,0,0,0,0,0,0,0,0,0,0,0,0,0,0,0,0,0,0,0,0,0,0,0,0,0,0,0,0,0,0,0,0,0,0,0,0,0,0,0,0,0,0,0,0,0,0,NA,NA,NA,NA,NA,NA,NA,NA,NA,NA,NA,NA,NA,NA,NA,NA,NA,NA,NA,"731","safePolygon","Férfi","Male",1973.6956786029
"30",18,0,83,1031,0,83,36,83,63,20,0,41,4,0,0,0,5,0,550,0,0,610,507,3,53,1067,0,0,0,19,6,47,0,232,0,0,280,0,15,0,597,212,38,21,1,107,154,0,0,2,447,355,0,1,0,48,0,77,226,35,0,0,0,2,339,1063,8,122,84,16,0,17,0,31,713,0,0,504,44,0,0,0,0,3,992,0,87,0,227,12,27,59,13,189,0,278,0,1117,3,975,19,442,81,0,0,254,21,598,0,145,112,0,0,59,1605,0,0,12,0,0,0,0,0,0,0,0,0,101,0,5,0,0,0,0,0,0,0,0,0,0,0,0,0,0,38,0,0,19,0,1,0,0,0,0,0,39,0,0,0,0,0,0,0,0,0,0,0,0,0,0,0,0,0,0,0,0,0,13,0,0,1,0,0,0,0,0,0,0,0,0,0,0,0,0,0,0,0,5,0,0,0,0,0,0,0,0,0,0,0,0,0,0,0,0,0,0,0,0,0,0,0,0,0,0,0,0,0,0,0,0,0,0,0,0,0,0,0,0,0,0,0,0,0,0,0,0,0,0,0,0,0,0,0,0,0,23,3,16,0,0,0,0,0,0,0,0,0,0,0,0,0,0,0,0,0,0,0,0,0,0,0,0,0,0,0,0,0,0,0,0,0,0,0,0,0,0,0,0,0,0,0,0,NA,NA,NA,NA,NA,NA,NA,NA,NA,NA,NA,NA,NA,NA,NA,NA,NA,NA,NA,"731","safePolygon","Férfi","Male",10471.5342236981
"31",31,39,151,7415,0,110,133,199,390,289,9,30,83,0,0,0,19,0,2905,0,0,2046,2220,0,18,8207,0,0,63,59,895,389,0,2280,0,155,1989,0,627,0,4547,2230,31,157,328,551,1763,0,0,0,2877,1744,85,2,0,222,0,238,1924,13,0,0,0,0,1186,6723,92,1320,0,294,28,120,0,524,4314,0,0,4085,15,0,0,0,0,42,8740,0,827,0,995,0,282,0,297,2443,0,1108,0,7663,0,2726,127,2082,74,50,71,1239,0,1783,49,377,308,0,0,60,9904,0,0,0,0,135,60,0,66,18,198,16,1,173,0,0,0,0,0,195,0,0,0,0,0,0,0,85,2,156,0,0,7,0,32,13,41,42,25,105,37,0,0,0,2,26,16,0,20,21,37,29,21,12,0,0,0,0,0,0,0,0,0,0,0,0,0,0,0,1,0,0,0,0,0,0,0,0,0,0,0,0,0,0,0,0,0,0,0,0,0,0,0,0,0,0,1,0,0,0,0,0,0,0,0,0,0,0,0,0,0,0,0,0,0,0,0,0,0,0,0,0,0,0,0,0,0,0,0,0,0,0,0,0,0,0,0,0,0,0,0,0,0,0,0,0,0,0,0,0,0,0,0,0,0,0,0,0,0,0,0,0,0,0,0,0,0,0,0,0,0,0,0,0,0,0,0,0,0,0,0,0,0,0,0,0,0,0,NA,NA,NA,NA,NA,NA,NA,NA,NA,NA,NA,NA,NA,NA,NA,NA,NA,NA,NA,"731","fearPolygon","Férfi","Male",24500.8127015829
"32",185,0,98,3191,0,33,0,92,0,42,0,37,201,0,0,0,0,0,3578,0,0,921,153,0,0,738,0,0,0,0,513,40,0,2013,0,0,530,0,574,0,1601,1025,0,146,382,818,337,0,0,0,513,212,0,0,0,831,0,2503,2375,38,0,0,0,0,515,4680,29,447,23,0,0,115,0,11,2348,0,0,2379,0,0,23,0,0,0,2724,0,190,0,188,0,0,0,537,1032,0,76,0,4943,0,1671,675,71,37,0,0,26,0,426,0,1077,507,177,0,64,4989,0,0,58,205,0,4,0,0,0,115,156,0,97,0,0,210,0,0,175,0,0,0,0,0,10,84,0,0,0,0,0,0,0,0,37,0,0,0,0,0,0,0,28,2,0,0,0,0,0,0,0,0,0,0,0,0,0,0,0,0,0,0,0,30,0,0,0,0,0,0,0,0,0,0,0,0,0,0,32,0,0,0,0,0,0,0,0,0,0,0,0,0,0,0,0,0,0,0,0,0,0,0,0,0,0,0,0,0,0,0,0,0,0,0,0,0,0,0,0,0,0,0,0,0,0,0,0,0,0,0,0,0,0,0,0,0,0,0,0,0,0,0,0,0,0,0,0,0,0,0,0,0,0,0,0,0,0,0,0,0,0,0,0,0,0,0,0,0,0,0,0,0,0,0,0,0,0,0,0,0,0,0,0,0,0,0,0,NA,NA,NA,NA,NA,NA,NA,NA,NA,NA,NA,NA,NA,NA,NA,NA,NA,NA,NA,"732","fearPolygon","Nő","Female",43708.4362699986
"33",66,0,37,783,0,0,6,50,22,25,0,24,1,0,0,0,0,0,381,0,0,352,80,0,1,240,0,0,0,0,0,24,0,300,0,20,74,0,80,0,420,76,1,0,205,71,189,0,0,0,325,46,38,0,0,16,0,18,163,3,0,0,0,0,247,686,0,87,0,0,0,29,0,48,498,0,0,489,0,0,0,0,0,15,655,6,161,0,132,0,66,0,0,280,0,43,0,933,0,484,0,83,0,0,0,44,3,243,1,126,88,0,0,66,969,0,9,0,0,0,0,0,0,0,0,0,0,0,0,0,0,0,0,34,0,0,0,0,0,0,0,0,0,1,52,0,0,0,0,0,0,0,0,0,0,0,0,0,0,0,0,0,0,0,0,0,0,0,0,0,0,0,0,0,0,0,0,0,0,0,10,0,0,0,0,0,0,0,0,0,0,0,0,0,0,0,0,0,0,0,0,0,0,0,0,0,0,0,0,0,0,0,0,0,0,0,0,0,0,0,0,0,0,0,0,0,0,0,0,0,0,0,0,0,0,0,0,0,0,0,0,0,0,0,0,0,0,0,0,0,0,0,0,0,0,0,0,0,0,0,0,0,0,0,0,0,0,0,0,0,0,0,0,0,0,0,0,0,0,0,0,0,0,0,0,0,0,0,0,0,0,0,0,0,0,0,0,0,0,0,0,0,NA,NA,NA,NA,NA,NA,NA,NA,NA,NA,NA,NA,NA,NA,NA,NA,NA,NA,NA,"732","safePolygon","Nő","Female",10081.9444087856
"34",324,12,3392,27596,26,34,117,371,577,779,0,240,327,0,0,0,33,0,15925,0,0,28197,5185,0,2,44770,0,0,17,225,13566,964,170,5003,17,173,7475,0,17264,0,18902,29622,554,932,2487,3281,5201,0,0,0,5621,2980,61,46,0,5939,0,10327,15342,732,0,10,0,0,8275,41284,404,20149,44,845,51,3057,0,410,18639,187,0,12605,21,7,0,82,0,10,47556,8,975,0,3160,0,185,0,2403,4201,21,3412,0,26510,0,6184,2785,4765,247,9,123,2673,68,19110,1548,836,483,25,0,68,51876,0,12,61,58,53,35,0,744,310,909,656,308,1723,0,1,40,7,61,278,3,0,2696,0,3,232,0,19,0,51,0,0,0,10,7,3,0,0,6,35,4,0,0,75,114,0,521,0,0,0,95,2,0,23,20,0,0,0,40,0,12,123,78,465,88,0,1,9,0,17,0,0,0,5,24,0,172,0,0,0,1,4,18,6,0,0,45,0,0,5,0,0,1,0,0,0,0,0,0,7,0,0,0,0,0,0,1,0,0,0,0,0,0,0,0,0,0,0,0,0,0,8,0,0,0,5,0,0,0,1,26,0,0,0,0,0,0,3,3,0,0,0,0,0,8,8,2,9,3,9,8,12,6,11,3,7,68,3,47,25,3,5,5,0,0,0,0,0,0,0,0,0,0,0,0,0,0,0,0,0,0,0,0,0,0,0,0,0,NA,NA,NA,NA,NA,NA,NA,NA,NA,NA,NA,NA,NA,NA,NA,NA,NA,NA,NA,"735","safePolygon","Férfi","Male",5043178.91467413
"35",63,346,578,5993,0,129,225,752,508,188,0,94,72,0,0,0,57,0,1604,0,0,5624,2612,0,370,5437,1,18,0,186,0,1440,51,1513,64,127,847,0,908,37,4161,407,297,0,261,963,769,43,0,22,3127,1421,112,135,0,55,0,5,627,286,50,2,171,28,2795,5022,278,1239,669,410,0,282,0,299,4070,0,0,3045,156,0,118,0,0,138,4790,45,492,28,713,0,162,0,63,1543,0,1611,23,5010,109,5235,114,2159,101,77,0,1526,0,4429,32,553,189,0,75,7,9137,0,0,0,0,0,0,0,0,0,0,1,0,202,16,27,0,0,0,0,0,0,0,0,0,0,57,0,0,63,0,0,0,6,0,0,0,0,0,0,0,177,0,0,0,0,0,0,0,0,0,0,0,0,0,0,36,0,0,0,0,0,0,0,0,0,0,0,0,40,0,67,0,0,0,0,0,0,0,64,0,0,0,0,0,0,23,0,0,0,0,0,0,0,0,0,0,49,0,0,0,0,0,0,0,0,0,0,0,0,0,0,0,0,0,0,0,0,0,0,0,0,0,0,0,0,0,0,0,0,0,0,0,0,0,0,0,0,0,0,0,0,0,0,0,0,0,0,0,0,0,0,0,0,0,0,0,0,0,0,0,0,0,71,61,24,0,0,0,0,0,0,0,0,0,0,0,0,0,0,0,0,0,0,0,0,0,0,NA,NA,NA,NA,NA,NA,NA,NA,NA,NA,NA,NA,NA,NA,NA,NA,NA,NA,NA,"716","safePolygon","Nő","Female",13148.0261975937
"36",583,82,440,19738,0,209,153,461,1874,349,0,159,2118,0,0,0,5,0,10482,28,28,7319,3747,0,0,17385,0,0,134,98,10070,573,26,10187,2,129,5045,0,3514,0,12987,9117,248,1123,5621,972,5934,0,0,0,7062,2695,232,85,0,3320,0,6329,10040,137,0,0,0,0,6162,24828,1480,3902,43,454,75,511,0,789,13089,17,0,14429,27,0,0,0,0,35,28807,58,2258,0,1449,0,555,0,1070,5397,13,2573,5,21946,0,3547,827,2947,119,44,63,1755,47,4823,247,1836,828,24,0,70,31460,0,77,34,80,0,70,0,31,156,643,523,531,196,0,0,15,14,0,427,0,0,902,0,0,193,27,68,48,202,0,0,0,7,0,134,0,0,0,0,21,8,0,71,279,0,1219,6,2,5,6,0,5,34,59,0,0,0,31,0,0,2,1,254,32,0,20,0,0,0,0,0,0,13,13,0,0,0,0,3,1,0,15,3,0,0,16,0,0,0,0,0,0,0,0,0,0,0,0,0,25,0,0,0,0,0,5,0,0,0,0,0,0,0,0,0,0,0,0,0,0,0,0,0,0,0,0,0,0,7,59,0,1,0,0,0,0,3,0,0,0,0,0,16,2,0,0,0,0,0,0,0,0,24,0,0,40,0,0,0,0,0,0,0,0,0,2,0,0,0,0,0,0,0,0,0,0,0,0,0,0,0,0,0,0,0,0,0,NA,NA,NA,NA,NA,NA,NA,NA,NA,NA,NA,NA,NA,NA,NA,NA,NA,NA,NA,"735","fearPolygon","Férfi","Male",1393581.20140409
"37",1,1,34,454,15,2,1,36,10,33,0,2,0,0,7,0,0,0,21,2,2,416,160,1,99,393,22,45,31,0,0,157,2,203,15,0,8,0,2,0,290,7,8,0,13,110,52,0,4,0,230,14,55,56,0,1,0,0,3,34,14,0,12,0,121,69,18,11,4,8,0,1,0,33,250,0,0,278,13,0,34,0,0,23,379,0,14,1,38,7,0,1,6,126,0,69,0,110,7,391,0,150,17,23,2,72,0,302,0,7,16,0,0,71,571,0,0,0,0,0,0,0,0,0,0,0,0,0,0,0,0,0,0,0,0,0,0,0,0,0,0,0,0,0,0,0,0,0,0,0,0,0,0,0,0,0,0,0,0,0,0,0,0,0,0,0,0,0,0,0,20,0,0,0,0,0,0,0,0,0,0,0,0,0,0,0,0,0,0,0,0,0,0,6,0,0,0,0,0,0,0,0,0,0,0,0,0,0,0,0,0,0,0,0,0,0,0,0,0,0,0,0,0,0,0,0,0,0,0,0,0,0,0,0,0,0,0,0,0,0,0,0,0,0,0,0,0,0,0,0,0,0,0,0,5,0,0,0,0,0,0,0,0,0,0,0,0,0,0,0,0,0,0,0,0,0,0,0,0,0,0,0,0,0,0,0,0,0,0,0,0,0,0,0,0,0,0,0,0,0,0,0,NA,NA,NA,NA,NA,NA,NA,NA,NA,NA,NA,NA,NA,NA,NA,NA,NA,NA,NA,"736","safePolygon","Férfi","Male",2228.82364335656
"38",25,0,34,354,0,0,0,29,20,13,0,13,10,0,0,0,0,0,162,0,0,201,56,0,0,223,0,0,0,0,0,14,0,136,0,0,15,0,66,0,203,16,0,0,79,61,90,0,0,0,117,39,31,0,0,0,0,3,40,0,0,0,0,0,143,277,1,57,0,1,0,15,0,31,197,0,0,216,0,16,0,0,0,16,307,0,42,0,45,0,13,0,0,105,0,35,0,440,0,286,0,56,0,0,0,27,0,111,1,30,86,0,0,73,463,0,2,0,0,0,0,0,0,0,1,1,0,0,0,0,0,0,0,3,0,0,0,0,0,0,0,0,0,0,15,0,0,0,0,0,0,0,1,0,0,0,0,0,0,0,0,0,0,0,0,0,0,0,2,0,0,0,0,0,0,0,0,0,0,0,1,0,0,0,0,0,0,0,0,0,0,0,0,0,0,0,0,0,0,0,0,0,0,0,0,0,0,0,0,0,0,0,0,0,0,0,0,0,0,0,0,0,0,0,0,0,0,0,0,0,0,0,0,0,0,0,0,0,0,0,0,0,0,0,0,0,0,0,0,0,0,0,0,0,0,0,0,0,0,0,0,0,0,0,0,0,0,0,0,0,0,0,0,0,0,0,0,0,0,0,0,0,0,0,0,0,0,0,0,0,0,0,0,0,0,0,0,0,0,0,0,0,NA,NA,NA,NA,NA,NA,NA,NA,NA,NA,NA,NA,NA,NA,NA,NA,NA,NA,NA,"736","safePolygon","Férfi","Male",2372.35501532536
"39",281,43,775,10087,0,152,54,380,519,419,0,197,842,0,0,0,0,0,4394,141,50,6247,3090,0,11,9567,0,0,76,389,1080,971,458,5150,262,161,2000,0,1484,0,5151,3208,483,233,774,1619,2766,17,0,0,3433,1544,126,133,0,669,0,1119,2241,324,97,187,0,0,1137,7452,168,2928,27,236,739,303,0,972,6664,51,110,7201,88,0,0,38,0,83,11468,16,1410,0,1439,0,665,0,308,1765,0,2577,0,7671,0,4777,342,2530,171,35,185,2223,30,4316,798,980,319,0,0,75,14810,0,38,0,20,55,0,196,0,42,107,531,0,275,0,28,30,4,210,73,55,56,159,16,6,28,0,37,0,26,0,0,2,0,0,7,0,0,0,3,2,0,0,0,7,0,85,0,0,0,7,0,0,46,29,0,0,0,0,0,0,0,0,0,0,0,0,0,0,34,0,0,0,37,0,0,0,0,0,2,0,0,0,0,0,0,0,0,0,0,0,0,4,1,0,0,0,0,0,0,0,0,0,0,0,0,4,0,0,0,0,0,0,0,0,0,8,0,0,0,12,57,0,0,0,0,0,0,0,0,0,0,0,0,0,0,0,0,0,0,0,0,0,0,0,29,33,0,0,0,0,0,0,0,0,15,0,0,0,0,0,0,0,0,13,0,0,6,3,1,1,1,4,29,0,0,0,0,0,0,0,0,0,0,0,0,0,0,NA,NA,NA,NA,NA,NA,NA,NA,NA,NA,NA,NA,NA,NA,NA,NA,NA,NA,NA,"736","fearPolygon","Férfi","Male",124986.981770568
"40",17,39,403,1264,0,136,227,357,58,37,0,39,61,0,0,0,21,0,475,40,2,1759,918,0,34,1143,0,0,1,258,0,792,144,794,10,140,7,0,506,0,556,7,65,0,116,198,342,0,0,0,376,358,11,22,0,0,0,0,34,23,10,0,8,10,360,275,131,795,0,141,108,41,0,21,518,4,0,955,4,0,0,37,0,38,1401,3,244,1,34,0,105,0,0,54,6,559,0,430,0,751,0,938,135,7,169,482,40,1714,191,18,146,6,0,76,2303,0,10,0,0,0,0,0,0,0,9,8,0,0,63,0,0,58,28,0,0,27,2,0,0,0,0,0,0,24,0,0,0,0,0,0,0,0,0,9,0,8,0,0,0,8,0,0,0,0,0,0,0,0,0,0,0,0,0,0,0,0,0,0,0,0,0,0,11,10,0,0,0,0,0,22,0,0,0,0,0,0,5,12,0,0,0,0,0,0,0,0,0,0,0,0,0,0,0,0,0,0,0,22,0,0,1,0,0,0,0,0,0,0,0,0,0,0,0,0,0,0,0,0,0,0,0,0,0,0,0,0,0,0,0,0,0,0,0,0,0,0,0,0,0,0,0,0,0,0,0,0,0,0,0,0,0,0,6,0,0,0,0,0,0,0,0,0,0,0,0,0,0,0,1,6,0,0,0,0,0,0,0,0,0,0,0,0,NA,NA,NA,NA,NA,NA,NA,NA,NA,NA,NA,NA,NA,NA,NA,NA,NA,NA,NA,"737","safePolygon","Férfi","Male",23200.2725254372
"41",22,0,251,1489,0,0,0,25,32,45,0,20,16,0,0,0,0,0,970,0,0,1531,530,0,0,2301,0,0,0,7,263,26,6,297,0,0,360,0,847,0,1147,1233,45,30,98,100,164,0,0,0,154,187,0,0,0,194,0,467,740,22,0,0,0,0,391,2461,0,946,0,25,0,103,0,15,982,5,0,642,0,0,0,0,0,0,2294,0,86,0,190,0,0,0,196,124,0,381,0,1934,0,423,109,517,38,0,0,285,11,1103,9,214,0,0,0,77,2750,0,0,22,0,0,0,0,37,22,80,5,56,56,0,0,0,0,0,14,0,0,59,0,12,0,0,0,0,0,0,0,0,0,0,0,0,0,0,0,0,0,0,22,0,0,0,0,0,0,0,0,0,0,12,0,0,0,0,0,0,0,0,0,0,0,0,0,0,0,0,0,0,0,0,0,0,0,0,0,0,0,0,0,0,0,0,0,0,0,0,0,0,0,0,0,0,0,0,0,0,0,0,0,0,0,0,0,0,0,0,0,0,0,0,0,0,0,0,0,0,0,0,0,0,0,0,0,0,0,0,0,0,0,0,0,0,0,0,0,0,0,0,0,0,0,0,0,0,0,0,0,0,0,0,0,0,0,0,0,0,0,0,0,0,0,0,0,0,0,0,0,0,0,0,0,0,0,0,0,0,0,0,0,0,0,0,0,NA,NA,NA,NA,NA,NA,NA,NA,NA,NA,NA,NA,NA,NA,NA,NA,NA,NA,NA,"738","fearPolygon","Férfi","Male",33147.7528094351
"42",0,0,11,244,1,0,0,13,11,7,0,0,0,0,9,0,0,0,16,0,0,200,60,0,72,189,13,8,13,0,0,65,0,94,0,0,14,0,0,0,137,13,0,0,12,58,31,0,0,1,121,21,36,34,0,0,0,0,7,11,1,0,1,0,51,60,11,13,0,13,0,4,0,14,143,0,0,164,18,0,8,0,0,12,175,0,5,0,24,9,0,0,9,71,0,9,0,66,9,216,0,43,1,12,0,9,0,124,0,14,6,0,0,78,286,0,0,0,0,0,0,0,0,0,0,0,0,0,0,0,0,0,0,0,0,0,0,0,0,0,0,0,0,0,0,0,0,0,0,0,0,0,0,0,0,0,0,0,0,0,0,0,0,0,0,0,0,0,0,0,12,0,0,0,0,0,0,0,0,0,0,0,0,0,0,0,0,0,0,0,0,0,0,2,0,0,0,0,0,0,0,0,0,0,0,0,0,0,0,0,0,0,0,0,0,0,0,0,0,0,0,0,0,0,0,0,0,0,0,0,0,0,0,0,0,0,0,0,0,0,0,0,0,0,0,0,0,0,0,0,0,0,0,0,9,0,0,0,0,0,0,0,0,0,0,0,0,0,0,0,0,0,0,0,0,0,0,0,0,0,0,0,0,0,0,0,0,0,0,0,0,0,0,0,0,0,0,0,0,0,0,0,NA,NA,NA,NA,NA,NA,NA,NA,NA,NA,NA,NA,NA,NA,NA,NA,NA,NA,NA,"739","safePolygon","Férfi","Male",1990.78851216659
"43",204,0,2001,26175,17,63,69,371,806,177,0,178,611,0,0,0,17,7,17524,0,0,20886,3515,0,0,38236,0,0,27,68,14271,142,0,7131,0,38,6427,0,14065,0,18704,26125,223,1276,2803,2357,7280,40,0,0,6836,1258,181,68,0,4884,0,7828,19496,148,0,0,0,0,8107,36941,762,16451,5,414,50,1225,0,1023,21144,1,0,18415,0,2,0,10,0,0,44765,18,2004,0,1817,0,83,0,913,4881,0,2149,1,22539,0,8368,1406,3255,199,37,0,1824,66,9929,278,757,2149,0,0,8,47343,0,0,29,63,0,32,0,500,5,347,1793,250,1435,0,0,8,0,0,418,0,0,2055,8,20,13,0,12,0,30,0,0,0,7,0,0,0,0,0,64,4,16,0,119,73,0,1014,0,0,0,4,0,0,8,79,0,0,0,0,0,18,0,10,22,0,0,0,1,0,0,0,0,11,1,0,12,0,0,0,0,0,0,17,17,0,0,35,0,0,0,0,0,0,0,0,0,0,0,0,0,0,0,0,0,0,17,0,0,0,0,0,0,0,0,0,0,0,0,0,0,0,0,21,0,0,12,0,0,0,0,11,0,0,0,0,0,0,0,0,0,0,0,0,0,0,0,0,25,0,0,0,0,0,58,0,20,0,0,0,0,0,0,20,0,0,0,0,0,0,0,1,0,7,0,0,0,1,132,34,0,0,0,0,0,0,0,0,0,NA,NA,NA,NA,NA,NA,NA,NA,NA,NA,NA,NA,NA,NA,NA,NA,NA,NA,NA,"716","safePolygon","Nő","Female",512218.559442818
"44",0,0,138,2277,0,6,29,275,287,31,0,17,308,0,0,0,8,0,927,0,0,414,1079,0,0,860,0,0,0,29,524,40,0,848,0,30,473,0,118,0,1442,510,101,0,500,205,352,0,0,0,765,929,0,0,0,302,0,689,1136,0,0,0,0,0,482,2494,72,234,48,0,0,0,0,75,1581,40,0,1144,35,0,0,1,0,0,2325,0,43,0,264,5,7,0,339,607,0,888,0,3011,0,478,330,895,11,0,0,705,0,177,0,360,436,0,0,83,3308,0,17,0,0,0,0,0,29,0,56,12,0,0,0,0,0,0,0,42,0,0,0,0,0,13,0,0,0,0,0,0,0,0,0,0,0,0,0,2,0,0,0,87,0,0,0,0,0,0,0,0,0,0,0,17,0,0,0,0,0,0,0,20,0,0,0,0,0,0,0,0,0,0,0,0,0,17,0,0,0,0,8,8,0,0,0,0,0,0,0,0,0,0,0,0,0,0,0,0,0,0,0,0,0,0,0,0,0,0,0,0,0,0,0,0,0,0,0,0,0,0,0,0,0,16,0,0,0,0,0,0,0,0,0,0,0,0,0,0,0,0,0,0,0,0,0,0,0,0,0,0,0,0,0,0,0,0,0,0,0,0,0,0,0,0,0,0,0,0,0,0,0,0,0,0,0,0,0,0,0,0,0,0,0,0,0,0,NA,NA,NA,NA,NA,NA,NA,NA,NA,NA,NA,NA,NA,NA,NA,NA,NA,NA,NA,"739","fearPolygon","Férfi","Male",199872.997690517
"45",1256,630,5014,43216,0,1328,1753,2635,4665,2251,0,802,440,0,0,0,97,0,19156,774,472,30529,19175,87,560,46534,0,72,162,3146,4451,6714,1028,16312,171,978,8439,0,8843,0,28814,14702,2217,592,3621,4156,8312,0,2,0,16743,9240,444,59,90,2622,0,3415,15215,757,0,0,0,0,15425,45223,1363,16692,686,2182,926,1867,0,1327,31021,214,0,21623,82,0,48,127,0,297,52024,0,2854,36,3512,0,1256,0,2028,9754,165,10380,62,43218,0,20828,2816,13642,1320,183,747,9367,210,26525,1684,3600,1743,100,0,84,69929,0,0,51,111,14,72,0,167,0,1554,576,0,705,637,47,0,129,118,223,0,74,242,0,0,0,140,77,0,445,0,0,0,69,0,300,0,0,92,142,59,37,0,223,137,0,2,1,0,0,4,0,0,218,92,0,0,0,287,0,0,0,69,195,277,0,0,0,0,0,0,0,0,19,0,0,0,0,0,0,0,0,84,35,0,0,114,0,0,0,0,0,0,0,0,0,0,0,0,0,0,0,0,632,208,35,115,37,1,0,83,0,0,0,0,0,0,0,0,0,0,0,0,0,0,0,0,0,0,34,287,0,0,0,0,0,0,0,0,0,0,0,0,0,0,0,0,0,0,0,0,0,0,0,0,0,0,0,0,0,0,0,0,0,0,0,0,0,0,0,0,0,0,0,0,0,0,0,0,89,83,0,0,0,0,0,0,0,NA,NA,NA,NA,NA,NA,NA,NA,NA,NA,NA,NA,NA,NA,NA,NA,NA,NA,NA,"740","fearPolygon","Nő","Female",73573.083216548
"46",291,82,2006,18026,23,1044,246,3579,501,3372,0,1090,1390,0,0,0,21,0,8566,0,0,15181,13420,0,151,5793,1,672,35,222,993,1524,73,6112,36,110,3581,0,1172,0,9398,3745,3165,329,3606,2691,3037,47,0,14,4889,7040,172,200,0,876,0,1457,4511,464,2,0,21,0,5460,20614,604,6228,518,724,356,946,0,332,9487,99,0,10919,50,81,59,16,0,0,18861,0,1901,0,1313,0,432,15,264,1910,24,10215,0,20175,6,14264,359,11928,1292,38,29,9231,77,8230,605,2451,1887,43,0,86,30075,24,197,13,171,16,12,0,0,0,172,427,27,330,40,44,40,3,9,713,0,26,172,1,0,33,18,0,30,38,0,0,0,0,0,69,0,0,0,127,21,46,0,26,76,0,27,0,6,0,0,0,0,0,8,0,2,0,10,0,1,0,6,2,0,0,0,0,8,102,6,219,0,0,5,58,1,0,0,26,25,74,10,0,0,0,0,0,29,0,2,0,0,0,0,0,0,0,32,15,15,12,72,0,0,0,2,0,0,11,0,0,0,0,0,0,0,3,0,11,0,0,0,0,0,0,0,0,0,0,0,0,0,0,0,0,0,0,0,0,0,0,0,0,0,0,0,0,0,0,0,0,0,0,0,0,0,0,0,0,0,0,0,0,0,0,0,0,0,0,0,0,0,1,0,0,0,0,0,0,0,8,0,0,0,0,0,0,NA,NA,NA,NA,NA,NA,NA,NA,NA,NA,NA,NA,NA,NA,NA,NA,NA,NA,NA,"740","safePolygon","Nő","Female",359726.104353055
"47",57,2,228,2551,6,112,98,494,153,471,0,260,197,0,0,0,22,0,1363,29,0,3126,2354,0,0,2216,0,48,32,99,82,367,30,757,6,19,767,0,163,0,1456,683,521,28,203,192,269,16,0,0,763,1294,24,6,0,196,2,216,558,98,13,0,0,0,1040,4065,49,1132,100,162,83,228,0,52,1626,19,0,1593,6,32,13,10,0,31,2626,0,228,0,91,0,93,0,52,315,40,1857,0,3474,0,2165,56,2324,213,17,119,1606,0,2004,232,467,145,7,0,88,5142,0,0,13,12,0,21,0,0,0,8,16,0,69,28,0,5,17,21,0,0,17,0,0,0,0,1,0,0,22,2,0,0,0,0,0,0,0,0,0,6,6,0,3,4,7,0,0,0,0,0,0,0,11,6,13,0,0,0,0,0,0,0,0,0,0,0,0,0,0,0,0,0,0,0,0,0,0,0,2,0,10,0,13,0,0,0,0,0,0,0,0,9,0,0,0,0,0,8,0,0,0,5,0,0,0,10,0,0,0,0,0,0,0,0,0,0,0,0,0,0,0,0,0,0,0,0,0,0,0,0,0,0,10,0,2,0,12,12,0,0,0,0,0,0,0,0,0,0,0,0,0,0,0,0,0,0,0,0,0,0,0,0,0,0,0,0,0,0,0,0,0,0,0,0,0,0,0,0,0,0,0,0,0,0,0,0,0,NA,NA,NA,NA,NA,NA,NA,NA,NA,NA,NA,NA,NA,NA,NA,NA,NA,NA,NA,"740","fearPolygon","Nő","Female",128337.408125639
"48",475,38,2914,21679,0,375,392,1298,1084,1248,0,663,484,0,0,0,76,0,10749,0,0,19376,9896,0,94,29772,0,24,1,277,2533,530,95,3773,5,33,4869,0,10333,0,16384,16017,1093,391,734,2113,2523,0,0,0,4145,6521,19,0,0,1460,0,5007,8110,609,12,0,0,0,4406,33186,102,11758,75,340,87,1580,0,280,15045,42,0,7817,72,11,18,16,0,35,31183,12,864,0,3375,0,162,0,3028,3649,0,5254,0,27420,0,7659,1798,9013,638,0,0,4299,102,14494,313,1968,559,8,0,9,38618,0,12,130,0,33,2,0,426,193,2246,174,97,731,0,0,12,0,0,200,0,0,1337,0,13,49,0,0,0,0,0,0,0,76,196,6,0,0,27,16,22,7,0,123,36,2,16,0,0,0,41,0,0,0,65,1,56,0,27,0,251,5,0,251,79,0,10,0,0,0,0,0,0,0,0,0,12,50,0,0,0,2,66,3,0,0,0,0,0,19,25,0,0,0,0,0,0,0,0,21,0,0,0,0,0,0,0,0,0,0,0,0,0,0,0,0,0,0,0,0,0,0,0,0,0,0,0,0,0,0,2,0,0,0,0,0,0,20,6,0,0,0,0,0,0,0,0,0,0,0,0,0,0,0,0,0,0,0,51,0,4,0,0,0,0,0,0,0,0,0,0,0,0,0,0,0,0,0,0,0,0,0,38,1,0,0,0,0,NA,NA,NA,NA,NA,NA,NA,NA,NA,NA,NA,NA,NA,NA,NA,NA,NA,NA,NA,"716","safePolygon","Nő","Female",361608.157100499
"49",1269,83,4975,31864,0,557,1306,2620,1996,1949,9,403,931,0,0,0,64,0,19239,0,0,26518,15979,0,44,28049,0,245,138,2483,2530,5435,651,10240,50,684,6092,0,10274,0,20952,13127,1661,391,3143,3941,4743,0,0,0,8053,8031,0,114,0,1119,0,2379,8954,1120,0,0,0,0,13544,40692,755,17155,449,2320,599,1889,0,548,23136,170,0,15343,122,123,17,111,0,175,36183,1,2151,0,2212,0,258,0,2052,5367,34,8015,21,37621,0,18767,2447,12100,532,240,598,7697,277,24414,1826,3081,1856,327,0,91,54753,0,0,45,104,118,107,0,276,76,467,1214,0,1205,31,0,7,0,0,502,0,65,1492,0,0,0,154,0,0,148,0,77,27,284,0,278,66,30,9,160,48,0,0,176,126,0,0,0,0,0,0,0,0,0,0,0,0,0,141,0,0,0,69,127,56,0,0,0,0,3,0,0,0,0,0,0,0,0,0,0,0,0,48,23,0,0,0,0,0,6,0,0,0,0,0,0,0,0,0,0,0,0,0,0,0,23,0,0,0,0,0,0,0,0,0,44,0,0,0,0,0,0,0,0,0,0,0,0,0,0,0,0,0,0,0,0,0,0,0,0,0,0,0,0,0,0,0,0,0,0,0,0,0,0,0,0,0,0,0,0,68,0,0,0,0,0,0,0,0,0,0,0,0,0,0,0,0,0,0,0,0,0,0,0,0,0,0,0,NA,NA,NA,NA,NA,NA,NA,NA,NA,NA,NA,NA,NA,NA,NA,NA,NA,NA,NA,"741","fearPolygon","Nő","Female",62123.9198250957
"50",30,44,378,6800,1,135,168,754,336,704,0,337,138,0,22,0,6,6,2262,0,0,5692,3334,45,666,6603,27,7,56,194,55,1240,42,1383,59,105,933,0,848,30,5005,810,744,102,218,847,941,2,37,48,2977,2062,55,112,0,133,0,75,987,235,40,22,120,42,2250,6613,31,1440,634,272,21,217,0,554,4489,0,0,3487,269,12,135,0,0,69,6376,0,566,49,1514,22,83,118,105,2126,0,2060,33,5777,127,5944,97,2724,330,123,0,1948,5,4288,36,532,139,2,47,95,10573,0,0,0,0,0,0,0,0,0,0,18,0,108,0,111,0,24,0,36,0,17,1,0,0,0,0,0,0,76,79,0,0,4,0,15,0,0,0,6,0,169,0,0,36,0,0,0,0,0,0,0,0,9,1,0,0,0,0,0,0,0,0,11,19,0,14,0,0,21,0,5,0,0,0,0,0,0,0,18,0,39,0,0,0,0,3,0,0,0,0,0,0,0,0,12,0,0,0,0,0,0,0,0,0,0,6,0,0,0,0,0,0,0,0,0,0,0,0,0,0,0,0,0,0,0,0,0,0,0,0,0,0,0,0,0,0,3,0,0,0,12,10,0,0,0,0,0,0,0,0,0,0,0,0,16,0,0,0,0,0,0,0,23,49,4,0,0,0,0,0,0,0,0,0,0,0,0,0,0,0,0,0,0,2,11,22,2,NA,NA,NA,NA,NA,NA,NA,NA,NA,NA,NA,NA,NA,NA,NA,NA,NA,NA,NA,"741","safePolygon","Nő","Female",20638.3019441068
"51",134,0,1489,11097,0,83,45,371,580,344,0,129,112,0,0,0,0,0,5237,0,0,11205,3875,0,27,15792,0,54,0,182,1052,186,75,1198,0,1,2186,0,6259,0,8722,8814,364,94,538,1433,1681,0,0,0,2517,2486,0,1,0,533,0,1633,4501,380,0,0,0,0,2246,16093,68,7246,71,338,0,1376,0,113,8108,0,0,3210,39,12,20,32,0,18,16895,0,145,0,1976,0,16,0,731,2114,0,2034,0,12493,0,3182,751,3628,206,0,0,1768,23,9016,112,950,311,0,0,99,19368,0,0,29,0,0,0,0,290,114,741,93,49,244,0,0,17,0,0,2,0,0,757,0,12,25,18,0,0,0,0,0,0,35,0,18,0,0,0,25,20,0,0,75,21,0,1,0,0,0,32,0,0,0,0,0,0,0,18,0,0,0,0,33,38,0,3,0,0,0,0,0,0,0,0,0,15,4,0,16,0,0,0,0,0,0,0,0,0,0,20,0,0,0,0,0,0,0,0,0,0,0,0,0,0,0,0,0,0,0,0,0,0,0,0,0,0,0,0,0,0,0,0,0,0,0,0,0,0,0,0,0,0,0,0,0,0,38,18,0,0,0,0,0,0,0,0,0,0,0,0,0,0,0,0,0,0,0,102,6,0,0,0,0,0,0,0,0,0,0,0,0,0,0,0,0,0,0,0,0,0,0,0,0,0,0,0,0,NA,NA,NA,NA,NA,NA,NA,NA,NA,NA,NA,NA,NA,NA,NA,NA,NA,NA,NA,"742","safePolygon","Férfi","Male",254768.262004256
"52",0,143,131,1477,13,167,180,467,24,190,0,208,69,NA,0,NA,0,NA,105,100,54,2436,1518,34,138,1161,0,8,0,458,0,731,238,803,33,165,29,NA,333,0,856,16,313,0,15,160,234,0,0,0,744,643,7,35,34,0,22,0,9,26,0,2,0,7,210,169,92,467,61,40,127,0,22,138,1054,8,0,984,0,2,5,0,0,89,1417,36,132,23,130,0,109,0,0,200,20,1186,0,200,0,831,0,1113,395,49,53,833,8,2024,89,0,19,0,6,0,2751,0,0,0,0,0,0,12,0,0,0,0,0,3,113,0,0,138,34,26,0,0,0,0,0,0,0,0,0,1,0,0,0,0,0,0,0,0,0,0,0,0,NA,0,0,0,0,0,0,0,0,0,0,0,0,0,0,NA,0,NA,0,0,0,0,0,0,0,0,0,13,0,0,0,0,0,0,0,0,NA,0,0,0,0,0,0,0,0,NA,0,0,0,NA,0,0,NA,0,NA,0,0,0,0,0,0,134,53,0,1,0,22,1,0,NA,NA,0,1,0,0,0,0,0,0,0,0,NA,0,NA,NA,NA,NA,0,0,0,0,NA,NA,NA,NA,0,NA,0,0,0,NA,0,0,0,NA,0,0,NA,NA,0,NA,0,NA,0,0,0,0,0,NA,0,NA,0,3,0,NA,NA,NA,NA,NA,NA,0,0,NA,0,NA,NA,NA,0,NA,0,0,NA,NA,0,NA,NA,34,22,22,0,0,0,0,0,0,0,0,0,0,0,0,0,0,0,0,"714","fearPolygon","Férfi","Male",15133.2243910134
"53",0,0,5,911,0,0,3,12,72,25,0,0,5,NA,0,NA,0,NA,207,0,0,236,171,0,0,987,0,0,0,0,0,11,0,161,0,0,107,NA,17,0,726,77,14,24,16,76,170,0,0,0,550,454,0,0,0,0,0,1,252,0,0,0,0,4,106,535,21,100,0,21,0,0,0,44,705,1,0,395,20,0,0,0,0,14,1002,0,43,0,150,0,11,0,14,253,0,154,0,924,0,515,14,237,5,0,0,162,0,188,0,103,30,4,15,100,1129,0,0,0,0,106,0,0,0,0,0,0,0,0,0,0,0,0,0,0,0,0,0,0,0,0,0,0,0,0,0,0,0,0,0,0,0,0,0,0,0,71,NA,0,0,0,0,0,0,0,0,4,0,0,0,0,0,NA,0,NA,0,0,0,0,0,0,0,0,0,0,0,0,0,0,0,0,0,0,NA,29,0,0,0,0,0,0,0,NA,0,0,0,NA,0,0,NA,0,NA,0,0,0,0,0,0,0,0,0,0,0,0,0,0,NA,NA,0,0,0,0,0,0,0,0,0,0,NA,0,NA,NA,NA,NA,0,0,0,0,NA,NA,NA,NA,0,NA,0,0,0,NA,0,0,0,NA,0,0,NA,NA,0,NA,0,NA,0,0,0,0,0,NA,0,NA,0,0,0,NA,NA,NA,NA,NA,NA,0,0,NA,0,NA,NA,NA,0,NA,0,0,NA,NA,0,NA,NA,0,0,0,0,0,0,0,0,0,0,0,0,0,0,0,0,0,0,0,"742","fearPolygon","Férfi","Male",13448.1141373217
"54",202,0,185,4476,0,31,0,131,16,91,0,76,270,NA,0,NA,0,NA,4873,0,0,2132,400,0,0,2497,0,0,0,13,1170,14,0,2838,0,1,889,NA,1188,0,1993,1590,49,252,545,1291,597,0,0,0,1077,237,0,0,0,1154,0,3379,3414,78,0,0,0,0,466,6624,50,1049,54,20,0,234,0,166,3090,0,0,3039,24,0,40,0,0,0,5121,0,329,0,380,0,0,0,754,1230,0,199,0,7331,0,2331,968,363,40,0,0,165,0,1416,7,1347,450,215,0,11,7645,0,0,36,269,0,0,0,6,0,264,420,0,166,0,0,228,0,0,119,0,0,0,0,0,33,74,0,0,5,0,0,0,0,0,14,0,0,0,0,28,0,NA,36,66,0,0,0,0,0,0,0,0,0,0,0,0,NA,0,NA,0,0,0,21,12,2,0,0,0,0,0,0,0,0,0,0,0,0,NA,0,0,0,0,0,0,0,0,NA,0,0,0,NA,0,0,NA,0,NA,0,0,0,0,0,0,0,0,0,0,0,0,0,0,NA,NA,0,0,0,0,0,0,0,0,0,0,NA,0,NA,NA,NA,NA,0,0,0,0,NA,NA,NA,NA,0,NA,0,0,0,NA,0,0,0,NA,0,0,NA,NA,0,NA,0,NA,0,0,0,0,0,NA,0,NA,0,0,0,NA,NA,NA,NA,NA,NA,0,0,NA,0,NA,NA,NA,0,NA,0,0,NA,NA,0,NA,NA,0,0,0,0,0,0,0,0,0,0,0,0,0,0,0,0,0,0,0,"717","fearPolygon","Férfi","Male",52447.4374002125
"55",0,0,39,96,0,8,20,29,0,0,0,0,0,NA,0,NA,0,NA,0,30,0,174,21,0,0,98,0,0,0,19,0,79,10,101,10,17,0,NA,14,0,70,0,0,0,0,0,79,0,0,0,49,19,0,0,0,0,0,0,0,0,0,0,0,0,0,0,19,40,0,0,29,0,0,0,85,0,0,83,0,0,0,9,0,9,98,0,0,0,0,0,0,0,0,16,6,21,0,0,0,92,0,16,0,0,19,15,0,175,23,0,0,7,0,12,175,0,0,0,0,0,0,0,0,0,0,0,0,0,6,0,0,0,0,0,0,0,0,0,0,0,0,0,0,0,0,0,0,0,0,0,0,0,0,0,0,0,NA,0,0,0,0,0,0,0,0,0,0,0,0,0,0,NA,0,NA,0,0,0,0,0,0,0,0,0,0,0,0,0,0,0,0,0,0,NA,0,0,0,0,0,0,0,0,NA,0,0,0,NA,0,0,NA,0,NA,0,0,0,0,0,0,0,0,0,0,0,0,0,0,NA,NA,0,0,0,0,0,0,0,0,0,0,NA,0,NA,NA,NA,NA,0,0,0,0,NA,NA,NA,NA,0,NA,0,0,0,NA,0,0,0,NA,0,0,NA,NA,0,NA,0,NA,0,0,0,0,0,NA,0,NA,0,0,0,NA,NA,NA,NA,NA,NA,0,0,NA,0,NA,NA,NA,0,NA,0,0,NA,NA,0,NA,NA,0,0,0,0,0,0,0,0,0,0,0,0,0,0,0,0,0,0,0,"719","safePolygon","Férfi","Male",3763.57038445026
"56",97,0,145,2868,0,0,0,106,10,82,0,60,168,NA,0,NA,0,NA,3441,0,0,1359,243,0,0,1459,0,0,0,16,752,46,0,1834,0,0,514,NA,807,0,1454,1053,33,131,337,784,245,0,0,0,608,182,0,0,0,869,0,2327,2437,60,0,0,0,0,369,4644,49,724,22,10,0,165,0,41,2065,0,0,2168,0,0,19,0,0,0,3027,0,151,0,219,0,0,0,495,877,0,89,0,4890,0,1551,666,201,43,0,0,79,0,888,10,888,425,135,0,13,5060,0,0,51,157,0,0,0,0,0,219,218,0,75,0,0,151,0,0,119,0,0,0,0,0,40,56,0,0,0,0,0,0,0,0,26,0,0,0,0,0,0,NA,27,0,0,0,0,0,0,0,0,0,0,0,0,0,NA,0,NA,0,0,0,0,24,0,0,0,0,0,0,0,0,0,0,0,0,0,NA,0,0,0,0,0,0,0,0,NA,0,0,0,NA,0,0,NA,0,NA,0,0,0,0,0,0,0,0,0,0,0,0,0,0,NA,NA,0,0,0,0,0,0,0,0,0,0,NA,0,NA,NA,NA,NA,0,0,0,0,NA,NA,NA,NA,0,NA,0,0,0,NA,0,0,0,NA,0,0,NA,NA,0,NA,0,NA,0,0,0,0,0,NA,0,NA,0,0,0,NA,NA,NA,NA,NA,NA,0,0,NA,0,NA,NA,NA,0,NA,0,0,NA,NA,0,NA,NA,0,0,0,0,0,0,0,0,0,0,0,0,0,0,0,0,0,0,0,"719","fearPolygon","Férfi","Male",52356.6718111038
"57",23,0,27,319,0,16,37,100,31,38,0,10,4,NA,0,NA,0,NA,284,0,0,336,273,0,0,125,0,2,0,1,25,19,0,134,0,0,96,NA,26,0,128,112,50,9,70,69,49,0,0,0,107,297,0,0,0,59,0,166,206,51,0,0,0,0,74,647,3,149,0,4,0,81,0,1,208,0,0,261,0,6,0,0,0,0,412,0,53,0,23,0,6,0,34,3,0,137,0,573,0,168,4,313,24,0,0,82,0,243,12,111,24,0,0,2,702,0,0,0,0,0,0,0,0,0,0,15,0,16,0,0,0,0,0,21,0,1,0,0,0,0,0,0,0,0,0,0,0,0,0,0,0,0,0,0,0,0,NA,0,0,0,0,0,0,0,0,0,0,0,0,0,0,NA,0,NA,0,0,0,0,0,0,0,0,0,0,0,0,0,0,0,0,0,0,NA,0,0,0,0,0,0,0,0,NA,0,0,0,NA,0,0,NA,0,NA,0,0,0,0,0,0,0,0,0,0,0,0,0,0,NA,NA,0,0,0,0,0,0,12,0,0,0,NA,0,NA,NA,NA,NA,0,0,0,0,NA,NA,NA,NA,0,NA,0,0,0,NA,0,0,0,NA,0,0,NA,NA,0,NA,0,NA,0,0,0,0,0,NA,0,NA,0,0,0,NA,NA,NA,NA,NA,NA,0,0,NA,0,NA,NA,NA,0,NA,0,0,NA,NA,0,NA,NA,0,0,0,0,0,0,0,0,0,0,0,0,0,0,0,0,0,0,0,"715","fearPolygon","Férfi","Male",7608.50862876512
"58",0,1,7,49,2,2,0,6,0,8,0,2,0,NA,0,NA,0,NA,0,1,0,59,30,0,14,48,1,0,5,1,0,14,2,23,0,0,0,NA,0,0,43,0,4,0,0,12,0,0,6,0,19,10,6,0,0,0,0,0,0,6,2,0,3,0,13,6,1,4,3,2,1,0,0,11,28,0,0,26,0,0,6,0,0,3,47,0,3,1,1,0,0,0,0,8,0,14,0,8,0,39,0,24,9,3,2,20,0,51,0,0,0,0,0,23,72,0,0,0,0,0,0,0,0,0,0,0,0,0,0,0,0,0,0,0,0,0,0,0,0,0,0,0,0,0,0,0,0,0,0,0,0,0,0,0,0,0,NA,0,0,0,0,0,0,0,0,0,0,0,0,0,0,NA,0,NA,0,0,0,0,0,0,0,0,0,0,0,0,0,0,0,0,0,0,NA,0,0,0,0,0,0,0,0,NA,0,0,0,NA,0,0,NA,0,NA,0,0,0,0,0,0,0,0,0,0,0,0,0,0,NA,NA,0,0,0,0,0,0,0,0,0,0,NA,0,NA,NA,NA,NA,0,0,0,0,NA,NA,NA,NA,0,NA,0,0,0,NA,0,0,0,NA,0,0,NA,NA,0,NA,0,NA,0,0,0,0,0,NA,0,NA,0,0,0,NA,NA,NA,NA,NA,NA,0,0,NA,0,NA,NA,NA,0,NA,0,0,NA,NA,0,NA,NA,0,0,0,0,0,0,0,0,0,0,0,0,0,0,0,0,0,0,0,"721","safePolygon","Nő","Female",377.942851800472
"59",0,0,11,200,3,0,0,1,1,11,0,3,0,NA,0,NA,0,NA,7,0,0,187,58,0,46,177,9,1,16,0,0,52,0,91,11,0,0,NA,0,0,127,1,3,0,0,37,15,0,11,0,88,11,29,6,0,0,0,0,0,11,3,0,3,0,68,23,0,9,9,9,0,0,0,43,114,0,0,151,0,0,11,0,0,9,176,0,14,0,14,0,0,0,0,41,0,21,0,33,0,185,0,31,13,9,0,34,0,133,0,0,4,0,0,24,239,0,0,0,0,0,0,0,0,0,0,0,0,0,0,0,0,0,0,0,0,0,0,0,0,0,0,0,0,0,0,0,0,0,0,0,0,0,0,0,0,0,NA,0,0,0,0,0,0,0,0,0,0,0,0,0,0,NA,0,NA,0,0,0,0,0,0,0,0,0,0,0,0,0,0,0,0,0,0,NA,3,0,0,0,0,0,0,0,NA,0,0,0,NA,0,0,NA,3,NA,0,0,0,0,0,0,0,0,0,0,0,0,0,0,NA,NA,0,0,0,0,0,0,0,0,0,0,NA,0,NA,NA,NA,NA,0,0,0,0,NA,NA,NA,NA,0,NA,0,0,0,NA,0,0,0,NA,0,0,NA,NA,0,NA,0,NA,0,0,0,0,0,NA,0,NA,0,0,0,NA,NA,NA,NA,NA,NA,0,0,NA,0,NA,NA,NA,0,NA,0,0,NA,NA,0,NA,NA,0,0,0,0,0,0,0,0,0,0,0,0,0,0,0,0,0,0,0,"721","safePolygon","Nő","Female",1319.35411578789
"60",182,0,246,5425,0,40,0,165,47,166,0,76,186,NA,0,NA,0,NA,5683,0,0,2700,640,0,0,4602,0,0,0,33,1735,64,0,3377,0,3,1138,NA,1546,0,2541,1953,65,223,634,1242,635,0,0,0,1606,368,0,0,0,1802,0,3804,4199,114,0,0,0,0,683,7986,96,1503,31,54,3,276,0,170,3857,0,0,3782,21,0,44,0,0,0,6733,0,341,0,674,0,5,0,891,1330,0,335,0,8792,0,2763,1184,594,44,0,3,281,0,2028,40,1389,581,216,0,25,9559,0,0,35,233,0,19,0,9,0,311,410,0,155,0,0,140,0,21,54,0,0,11,0,0,43,50,0,0,7,0,0,0,0,1,15,0,0,0,0,15,0,NA,22,28,1,0,0,0,0,0,0,0,0,0,0,0,NA,0,NA,0,0,0,15,16,0,0,0,0,0,0,0,0,0,0,0,0,0,NA,9,0,0,0,0,0,0,0,NA,0,0,0,NA,0,0,NA,0,NA,0,0,0,0,0,0,0,0,0,0,0,0,0,0,NA,NA,0,0,0,0,0,0,0,0,0,0,NA,0,NA,NA,NA,NA,0,0,0,0,NA,NA,NA,NA,0,NA,0,0,0,NA,0,0,0,NA,0,0,NA,NA,0,NA,0,NA,0,0,0,0,0,NA,0,NA,0,0,0,NA,NA,NA,NA,NA,NA,0,0,NA,0,NA,NA,NA,0,NA,0,0,NA,NA,0,NA,NA,0,0,0,0,0,0,0,0,0,0,0,0,0,0,0,0,0,0,0,"721","fearPolygon","Nő","Female",51284.7510984242
"61",0,0,126,899,0,41,5,146,6,36,0,5,173,NA,0,NA,0,NA,866,0,0,898,319,0,0,144,0,33,0,60,239,156,29,586,0,0,376,NA,117,0,118,420,19,36,278,249,54,0,0,0,148,169,0,0,0,242,0,519,421,1,0,0,0,0,145,1443,10,505,2,85,0,55,0,7,136,0,0,1143,0,5,0,0,0,0,1092,0,187,0,12,0,0,0,31,0,0,248,0,1246,0,859,31,306,0,4,0,161,0,427,64,233,319,0,0,26,1699,0,0,0,0,0,0,0,0,0,0,47,18,53,0,0,0,0,0,71,0,26,0,0,0,0,0,0,0,0,0,0,0,0,0,0,0,0,0,16,1,0,NA,5,0,0,0,0,0,0,0,0,0,0,0,0,0,NA,0,NA,0,0,0,0,0,0,0,0,0,0,1,33,0,0,0,3,0,0,NA,0,0,1,0,0,0,0,0,NA,0,0,0,NA,0,0,NA,0,NA,0,0,0,25,0,0,0,0,0,0,0,0,0,0,NA,NA,0,0,0,0,0,0,0,0,0,0,NA,0,NA,NA,NA,NA,0,0,0,0,NA,NA,NA,NA,0,NA,0,0,0,NA,0,0,0,NA,0,0,NA,NA,0,NA,0,NA,0,0,0,0,0,NA,0,NA,0,0,0,NA,NA,NA,NA,NA,NA,0,0,NA,0,NA,NA,NA,0,NA,0,0,NA,NA,0,NA,NA,0,0,0,0,0,0,0,0,0,0,0,0,0,0,0,0,0,0,0,"721","fearPolygon","Nő","Female",27846.9817321599
"62",454,277,266,27811,0,429,335,581,4061,961,26,264,544,NA,0,NA,78,NA,12318,149,150,9849,7944,0,1,35402,0,0,351,69,5130,1362,86,12138,54,360,7281,NA,2000,0,17787,10694,515,1187,3196,1059,6835,0,0,0,11490,4520,433,256,0,3326,0,4991,13731,57,0,0,0,0,8166,29909,838,5856,94,1039,123,384,0,1166,17262,48,0,15900,149,0,0,0,0,124,38028,1,2910,0,1881,0,1449,0,1307,7411,0,3739,50,30580,0,8037,1919,6733,327,73,12,3031,0,6720,80,1411,1441,37,0,3,41587,0,0,66,0,152,149,0,4,11,1186,84,0,291,0,1,0,0,0,397,0,0,1,4,0,37,121,228,23,461,0,0,32,0,3,353,137,111,32,2,87,56,NA,271,28,3,69,55,13,5,23,73,5,273,59,0,0,NA,196,NA,105,0,27,405,214,0,58,0,0,0,0,0,43,0,0,0,0,0,NA,0,0,0,95,33,0,0,139,NA,0,0,0,NA,0,0,NA,0,NA,0,0,0,58,0,0,0,0,0,22,0,0,0,0,NA,NA,0,0,0,0,0,0,0,0,0,0,NA,0,NA,NA,NA,NA,38,373,15,43,NA,NA,NA,NA,0,NA,0,0,0,NA,50,0,0,NA,0,0,NA,NA,0,NA,0,NA,0,0,0,0,0,NA,0,NA,0,0,0,NA,NA,NA,NA,NA,NA,0,0,NA,0,NA,NA,NA,0,NA,0,0,NA,NA,0,NA,NA,0,0,0,7,0,0,0,0,0,0,0,0,0,0,0,0,0,0,0,"716","fearPolygon","Nő","Female",286615.182004571
"63",0,0,4,460,0,20,0,0,30,75,0,4,86,NA,0,NA,0,NA,60,0,0,255,251,0,0,597,0,0,0,74,0,85,0,49,0,0,28,NA,37,0,440,15,68,12,38,56,98,0,0,0,229,263,0,0,0,0,0,0,54,0,0,0,0,0,56,283,5,102,0,74,0,0,0,18,388,0,0,216,0,0,0,19,0,12,637,0,13,0,158,0,13,0,12,86,0,213,0,400,0,191,12,312,12,0,0,198,0,254,0,15,0,18,0,31,723,0,0,0,0,90,0,0,0,0,0,0,0,0,0,0,0,0,0,0,0,0,0,0,0,0,0,0,0,0,0,0,0,0,0,0,0,0,0,0,1,16,NA,0,0,0,0,0,0,0,0,18,0,0,0,0,0,NA,0,NA,0,0,0,0,0,0,0,0,0,0,0,0,0,0,0,0,0,0,NA,0,0,0,0,0,0,0,0,NA,0,0,0,NA,0,0,NA,0,NA,0,0,0,0,0,0,0,0,0,0,0,0,0,0,NA,NA,0,0,0,0,0,0,0,0,0,0,NA,0,NA,NA,NA,NA,0,0,0,0,NA,NA,NA,NA,0,NA,0,0,0,NA,0,0,0,NA,0,0,NA,NA,0,NA,0,NA,0,0,0,0,0,NA,0,NA,0,0,0,NA,NA,NA,NA,NA,NA,0,0,NA,0,NA,NA,NA,0,NA,0,0,NA,NA,0,NA,NA,0,0,0,0,0,0,0,0,0,0,0,0,0,0,0,0,0,0,0,"723","safePolygon","Nő","Female",3407.17739465088
"64",27,0,18,873,0,0,0,50,32,17,0,12,5,NA,0,NA,0,NA,312,0,0,398,131,0,0,350,0,0,0,0,0,19,0,318,16,22,67,NA,79,0,474,57,5,0,197,109,249,0,0,0,332,132,75,3,0,30,0,35,101,17,0,0,0,0,125,710,0,101,2,30,0,22,0,156,514,0,0,530,0,0,0,0,0,0,753,0,140,0,125,0,52,0,0,291,0,51,0,972,0,386,0,153,5,0,0,40,1,329,0,133,54,0,0,32,1033,0,9,0,0,0,0,0,0,0,0,0,0,0,0,0,0,0,0,34,0,0,0,0,0,0,0,0,0,16,26,0,0,0,0,0,0,0,0,0,0,0,NA,0,0,0,0,0,0,0,0,0,0,0,0,0,0,NA,0,NA,0,0,0,0,0,0,1,0,0,0,0,0,0,0,0,0,0,0,NA,0,0,0,0,0,0,0,0,NA,0,0,0,NA,0,0,NA,0,NA,0,0,0,0,0,0,0,0,0,0,0,0,0,0,NA,NA,0,0,0,0,0,0,2,0,0,0,NA,0,NA,NA,NA,NA,0,0,0,0,NA,NA,NA,NA,0,NA,0,0,0,NA,0,0,0,NA,0,0,NA,NA,0,NA,0,NA,5,0,0,0,0,NA,0,NA,0,0,0,NA,NA,NA,NA,NA,NA,0,0,NA,0,NA,NA,NA,0,NA,0,0,NA,NA,0,NA,NA,0,0,0,0,0,0,0,0,0,0,0,0,0,0,0,0,0,0,0,"723","safePolygon","Nő","Female",10164.6734115062
"65",58,0,52,1868,0,0,0,50,0,30,0,30,122,NA,0,NA,0,NA,1951,0,0,510,57,0,0,387,0,0,0,0,285,6,0,1180,0,1,315,NA,300,0,891,479,0,95,203,426,314,0,0,0,323,45,0,0,0,326,0,1194,1257,53,0,0,0,0,250,2371,35,220,15,0,0,104,0,30,1233,0,0,1111,27,0,13,0,0,0,1567,0,105,0,127,0,0,0,258,616,0,18,0,2693,0,880,367,56,30,0,0,12,0,331,0,701,207,97,0,33,2703,0,0,8,99,0,0,0,1,0,96,168,0,77,0,0,132,0,0,60,0,0,0,0,0,0,39,0,0,0,0,0,0,0,0,25,0,0,0,0,6,0,NA,5,23,0,0,0,0,0,0,0,0,0,0,0,0,NA,0,NA,0,0,1,5,3,0,0,0,0,0,0,0,0,0,0,0,0,0,NA,0,0,0,0,0,0,0,0,NA,0,0,0,NA,0,0,NA,0,NA,0,0,0,0,0,0,0,0,0,0,0,0,0,0,NA,NA,0,0,0,0,0,0,0,0,0,0,NA,0,NA,NA,NA,NA,0,0,0,0,NA,NA,NA,NA,0,NA,0,0,0,NA,0,0,0,NA,0,0,NA,NA,0,NA,0,NA,0,0,0,0,0,NA,0,NA,0,0,0,NA,NA,NA,NA,NA,NA,0,0,NA,0,NA,NA,NA,0,NA,0,0,NA,NA,0,NA,NA,0,0,0,0,0,0,0,0,0,0,0,0,0,0,0,0,0,0,0,"723","fearPolygon","Nő","Female",35501.7964431029
"66",0,18,14,699,0,23,15,106,95,60,0,17,10,NA,0,NA,0,NA,245,0,0,607,362,0,65,518,0,0,0,0,0,139,0,92,1,11,132,NA,131,14,545,85,35,0,23,95,84,0,0,13,432,231,0,1,0,15,0,1,80,54,0,0,35,0,293,620,5,226,72,46,0,30,0,63,437,0,0,374,32,0,22,0,0,11,517,14,55,5,75,0,16,0,14,202,0,175,0,638,18,549,28,309,15,10,0,170,0,519,0,65,1,0,5,36,1084,0,0,0,0,0,0,0,0,0,0,0,0,0,0,0,0,0,0,0,0,0,0,0,0,0,0,0,0,0,0,0,0,0,0,0,0,0,0,0,0,33,NA,0,0,0,0,0,0,0,0,0,0,0,0,0,0,NA,0,NA,0,0,0,0,0,0,0,0,0,9,0,0,0,0,0,0,0,0,NA,13,0,15,0,0,0,0,15,NA,0,0,0,NA,0,0,NA,0,NA,0,0,0,0,0,0,0,0,0,0,0,0,0,0,NA,NA,0,0,0,0,0,0,0,0,0,0,NA,0,NA,NA,NA,NA,0,0,0,0,NA,NA,NA,NA,0,NA,0,0,0,NA,0,0,0,NA,0,0,NA,NA,0,NA,0,NA,0,0,0,0,0,NA,0,NA,1,9,11,NA,NA,NA,NA,NA,NA,0,0,NA,0,NA,NA,NA,0,NA,0,0,NA,NA,0,NA,NA,0,0,0,0,0,0,0,0,0,0,0,0,0,0,0,0,0,0,0,"724","fearPolygon","Férfi","Male",7003.31537413597
"67",0,141,0,1617,0,131,77,104,135,42,0,21,116,NA,0,NA,0,NA,553,0,0,267,717,0,0,1926,0,0,116,7,262,267,0,1152,160,70,332,NA,5,0,732,336,68,5,78,6,393,104,0,0,518,350,234,72,0,56,0,192,412,0,0,65,0,0,282,1355,142,119,0,0,17,0,0,154,922,0,0,1475,0,0,0,0,0,50,1843,0,610,0,119,0,343,0,24,79,0,492,0,1276,0,516,45,642,16,154,0,477,0,61,9,28,111,0,0,37,2373,0,0,0,0,0,0,0,0,0,0,26,8,0,0,0,0,25,0,0,0,0,30,0,0,0,12,0,0,82,34,0,0,0,0,28,0,0,0,0,6,0,NA,0,0,0,0,0,0,0,0,0,0,0,0,0,0,NA,0,NA,0,0,0,0,0,0,0,0,0,102,0,19,0,0,0,0,0,0,NA,0,0,0,0,0,0,0,0,NA,0,0,0,NA,28,0,NA,0,NA,0,0,0,0,0,0,0,0,0,16,69,0,0,0,NA,NA,0,0,0,0,0,0,0,0,0,0,NA,0,NA,NA,NA,NA,0,0,0,0,NA,NA,NA,NA,0,NA,45,0,0,NA,0,0,0,NA,0,0,NA,NA,0,NA,0,NA,0,0,0,0,0,NA,0,NA,0,0,0,NA,NA,NA,NA,NA,NA,0,0,NA,0,NA,NA,NA,0,NA,0,0,NA,NA,0,NA,NA,0,0,0,0,0,0,0,0,0,0,0,0,0,0,0,0,0,0,0,"726","safePolygon","Férfi","Male",10689.3881697357
"68",3,13,1,120,0,12,5,16,0,1,0,0,6,NA,0,NA,0,NA,33,0,0,118,69,0,13,77,0,0,0,24,0,54,5,66,0,0,9,NA,24,0,52,0,16,0,2,19,12,0,0,0,45,29,10,0,0,0,0,0,0,17,0,0,0,0,16,57,25,20,10,45,0,4,0,0,81,0,0,89,0,0,0,0,0,0,134,0,40,0,6,0,0,0,0,16,0,51,0,124,0,119,0,56,0,0,0,64,0,88,0,10,19,0,0,38,197,0,0,0,0,0,0,0,0,0,0,13,0,2,0,0,0,0,0,0,0,0,0,0,0,0,0,0,0,0,0,0,0,0,0,0,0,0,0,0,0,5,NA,0,0,0,0,0,0,0,0,0,0,0,0,5,0,NA,0,NA,0,0,0,0,0,0,0,0,0,0,0,0,0,0,0,0,0,0,NA,0,0,0,0,0,0,0,0,NA,0,0,0,NA,0,0,NA,0,NA,0,0,0,0,0,0,0,0,0,0,0,0,0,0,NA,NA,0,0,0,0,0,0,0,0,0,0,NA,0,NA,NA,NA,NA,0,0,0,0,NA,NA,NA,NA,0,NA,0,0,0,NA,0,0,0,NA,0,0,NA,NA,0,NA,0,NA,0,0,0,0,0,NA,0,NA,0,0,0,NA,NA,NA,NA,NA,NA,0,0,NA,0,NA,NA,NA,0,NA,0,0,NA,NA,0,NA,NA,0,0,0,0,0,0,0,0,0,0,0,0,0,0,0,0,0,0,0,"726","safePolygon","Férfi","Male",1059.05158257857
"69",0,0,20,915,0,0,0,36,146,12,0,35,53,NA,0,NA,0,NA,442,0,0,1025,653,0,0,576,0,0,0,78,70,130,0,277,0,34,314,NA,127,0,533,262,14,0,102,122,72,0,0,0,265,146,0,0,0,81,0,99,175,12,0,0,0,0,432,1077,130,521,0,79,0,104,0,0,484,0,0,670,0,48,0,0,0,0,1016,0,98,0,26,0,24,0,0,23,0,241,0,1070,0,456,0,576,38,0,0,222,42,511,126,131,11,0,0,39,1514,0,0,0,0,0,0,0,0,0,0,11,0,2,0,0,0,0,0,12,0,0,0,0,0,3,0,0,0,0,0,0,0,0,0,0,0,0,0,17,0,0,NA,0,19,0,9,0,0,0,0,0,0,0,31,0,0,NA,0,NA,0,0,0,0,0,0,0,0,0,0,0,19,0,0,0,19,0,0,NA,0,0,0,0,0,0,0,0,NA,0,0,0,NA,0,0,NA,0,NA,0,0,0,0,0,0,0,0,0,0,0,0,0,0,NA,NA,0,0,0,0,16,0,0,0,0,0,NA,0,NA,NA,NA,NA,0,0,0,0,NA,NA,NA,NA,0,NA,0,0,0,NA,0,0,0,NA,0,0,NA,NA,0,NA,0,NA,0,0,0,0,0,NA,0,NA,0,0,0,NA,NA,NA,NA,NA,NA,0,0,NA,0,NA,NA,NA,0,NA,0,0,NA,NA,0,NA,NA,0,0,0,0,0,0,0,0,0,0,0,0,0,0,0,0,0,0,0,"726","fearPolygon","Férfi","Male",6270.5432088105
"70",51,0,232,1992,0,32,0,32,1,103,0,98,12,NA,0,NA,0,NA,1030,0,0,1593,682,0,0,2274,0,11,0,64,280,131,11,354,0,0,555,NA,569,0,1571,1419,22,20,48,290,163,0,0,0,493,151,0,0,0,278,0,334,573,13,0,0,0,0,533,2789,0,1237,0,38,0,56,0,0,1577,0,0,837,47,5,0,33,0,0,2392,0,163,0,125,0,19,0,220,575,0,632,0,2041,0,827,311,533,0,0,2,509,0,1174,144,108,59,0,0,4,3288,0,0,0,0,0,4,0,1,15,24,60,4,233,0,0,0,0,11,8,2,0,49,0,0,0,0,0,0,0,0,0,0,0,0,0,0,0,0,0,0,0,NA,0,0,0,0,0,0,0,0,0,0,0,0,0,0,NA,1,NA,0,0,0,0,0,0,0,0,0,0,0,0,0,0,0,0,0,0,NA,0,0,0,0,0,0,0,0,NA,0,0,0,NA,0,0,NA,0,NA,0,0,0,0,0,0,0,0,0,0,0,0,0,0,NA,NA,0,0,0,0,0,0,0,0,0,0,NA,0,NA,NA,NA,NA,0,0,0,0,NA,NA,NA,NA,0,NA,0,0,0,NA,0,0,0,NA,0,0,NA,NA,0,NA,0,NA,0,0,0,0,0,NA,0,NA,0,0,0,NA,NA,NA,NA,NA,NA,0,0,NA,0,NA,NA,NA,0,NA,0,0,NA,NA,0,NA,NA,0,0,0,0,0,0,0,0,0,0,0,0,0,0,0,0,0,0,0,"716","fearPolygon","Nő","Female",25137.8480276503
"71",0,0,0,185,0,0,0,0,0,6,0,0,0,NA,0,NA,0,NA,118,0,0,7,11,0,0,173,0,0,0,0,64,0,0,93,0,0,87,NA,6,0,174,140,6,27,117,0,15,0,0,0,9,6,0,0,0,100,0,111,248,0,0,0,0,0,185,331,29,35,0,0,17,0,0,0,179,0,0,86,0,0,0,0,0,6,230,0,34,0,2,0,0,0,39,43,0,6,0,305,0,15,34,11,0,0,0,11,0,0,14,6,0,0,0,46,343,0,0,0,0,0,0,0,0,0,47,0,0,18,0,0,0,0,0,0,0,0,4,0,0,0,0,0,0,0,0,0,0,0,0,0,0,0,0,0,16,0,NA,0,0,0,0,0,0,0,0,0,0,0,0,0,0,NA,0,NA,0,0,0,0,8,0,0,0,0,0,0,0,0,16,0,0,0,0,NA,0,0,0,0,0,0,0,0,NA,0,0,0,NA,0,0,NA,0,NA,0,0,0,0,0,0,0,0,0,0,0,0,0,0,NA,NA,0,0,0,0,0,0,0,0,0,0,NA,0,NA,NA,NA,NA,0,0,0,0,NA,NA,NA,NA,0,NA,0,0,0,NA,0,0,0,NA,0,0,NA,NA,0,NA,0,NA,0,0,0,0,0,NA,0,NA,0,0,0,NA,NA,NA,NA,NA,NA,0,0,NA,0,NA,NA,NA,0,NA,0,0,NA,NA,0,NA,NA,0,0,0,0,0,0,0,0,0,0,0,0,0,0,0,0,0,0,0,"729","fearPolygon","Nő","Female",99726.3896002769
"72",0,0,0,366,0,46,4,41,14,39,0,11,41,NA,0,NA,0,NA,74,0,0,14,84,0,0,195,0,0,0,0,0,0,0,237,0,0,74,NA,0,0,104,0,5,0,149,12,74,0,0,0,179,73,0,0,0,0,0,148,216,0,4,0,0,0,7,236,0,0,0,0,0,0,0,91,12,0,0,308,0,0,0,0,0,0,366,0,83,0,27,0,5,0,0,0,0,66,0,224,0,20,0,81,17,0,0,49,0,0,0,0,0,0,0,47,395,0,0,0,0,0,0,0,0,0,0,0,0,0,0,0,0,0,0,0,0,0,0,0,0,0,0,0,0,0,0,0,0,0,0,0,0,0,0,0,0,0,NA,0,0,0,0,0,0,0,0,0,0,0,0,0,0,NA,0,NA,0,0,144,0,0,0,0,0,0,0,0,0,0,0,0,0,0,0,NA,0,0,0,0,0,0,0,0,NA,0,0,0,NA,0,0,NA,0,NA,0,0,0,0,0,0,0,0,0,0,0,0,0,0,NA,NA,0,0,0,0,0,0,0,0,0,0,NA,0,NA,NA,NA,NA,0,0,0,0,NA,NA,NA,NA,0,NA,0,0,0,NA,0,0,0,NA,0,0,NA,NA,0,NA,0,NA,0,0,0,0,0,NA,0,NA,10,0,0,NA,NA,NA,NA,NA,NA,0,0,NA,0,NA,NA,NA,0,NA,0,0,NA,NA,0,NA,NA,0,0,0,0,0,0,0,0,0,0,0,0,0,0,0,0,0,0,0,"729","safePolygon","Nő","Female",18924.0552590191
"73",3,7,88,1301,19,46,16,194,74,154,0,100,26,NA,17,NA,0,NA,379,6,6,1149,740,19,227,1435,12,2,42,5,47,182,7,389,5,0,175,NA,63,23,916,251,135,9,0,119,75,0,16,9,523,457,35,30,0,122,0,35,252,67,20,0,0,1,237,1037,10,164,54,81,3,40,0,187,869,0,0,672,48,0,16,0,0,49,1392,0,81,1,162,24,15,35,25,253,0,558,2,1000,17,1085,47,682,219,0,7,557,0,950,17,81,22,0,0,48,2085,0,0,0,0,0,0,0,0,0,0,0,0,18,0,5,0,0,0,0,0,0,0,0,0,0,0,0,0,0,24,0,0,0,0,0,0,0,0,1,0,16,NA,0,13,0,0,0,0,0,0,0,0,0,0,0,12,NA,0,NA,0,0,0,1,0,0,4,0,0,0,0,0,0,0,0,0,0,0,NA,0,0,0,0,0,0,0,0,NA,0,0,0,NA,0,0,NA,0,NA,0,0,0,0,0,0,0,0,0,0,0,0,0,0,NA,NA,0,0,6,0,0,0,0,0,0,0,NA,0,NA,NA,NA,NA,0,0,0,0,NA,NA,NA,NA,0,NA,0,0,14,NA,7,0,0,NA,0,0,NA,NA,0,NA,0,NA,0,0,0,0,0,NA,0,NA,0,0,0,NA,NA,NA,NA,NA,NA,0,0,NA,0,NA,NA,NA,0,NA,0,0,NA,NA,0,NA,NA,0,0,0,0,0,0,0,0,0,0,0,0,0,0,0,0,0,0,0,"729","safePolygon","Nő","Female",15767.0133373057
"74",501,535,4370,21926,33,588,1662,2819,1021,1341,0,594,517,NA,0,NA,10,NA,10040,634,227,23130,12006,56,576,18245,68,51,117,3241,454,7138,1468,9218,156,1079,2213,NA,7647,0,14152,5395,1616,151,2304,3079,3488,6,8,0,7337,5315,5,113,56,393,46,286,3739,1173,21,37,0,2,7151,19704,577,12402,279,1941,934,1849,7,738,16169,335,24,12665,59,65,17,65,35,333,22874,107,1714,26,1589,0,440,1,773,3339,193,7359,45,18061,7,12641,622,9367,1199,165,967,5949,217,22723,2508,1725,1161,292,0,49,37804,0,0,0,74,167,90,0,131,37,78,257,0,351,467,53,0,223,385,53,0,100,75,0,0,0,0,0,0,56,2,39,0,82,0,92,0,0,4,50,0,0,NA,19,39,0,0,0,0,0,0,0,0,0,35,38,2,NA,102,NA,0,0,40,0,63,0,2,0,0,114,0,0,0,0,0,0,0,0,NA,1,0,0,4,4,0,0,0,NA,0,36,0,NA,0,0,NA,0,NA,0,0,0,0,0,0,467,176,4,45,17,46,0,38,NA,NA,0,0,2,0,0,0,0,0,0,0,NA,0,NA,NA,NA,NA,0,0,0,0,NA,NA,NA,NA,0,NA,0,0,0,NA,0,0,0,NA,0,0,NA,NA,0,NA,0,NA,0,0,0,0,0,NA,0,NA,3,0,0,NA,NA,NA,NA,NA,NA,0,0,NA,0,NA,NA,NA,56,NA,0,1,NA,NA,2,NA,NA,0,1,1,0,0,0,0,0,0,0,0,0,0,0,0,0,0,0,0,"730","fearPolygon","Férfi","Male",247333.594378397
"75",119,0,108,2512,0,21,0,49,12,46,0,16,77,NA,0,NA,0,NA,2300,0,0,1043,222,0,0,1845,0,0,0,14,696,27,0,1276,0,1,337,NA,509,0,1217,805,6,110,417,519,501,0,0,0,827,128,0,0,0,679,0,1450,1693,33,0,0,0,0,460,3344,31,448,14,25,0,84,0,86,1714,0,0,1330,9,0,4,0,0,0,2830,0,164,0,322,0,12,0,339,586,0,128,0,3719,0,1097,517,232,16,0,0,93,0,772,0,656,210,64,0,5,3963,0,0,13,129,0,9,0,2,0,104,141,0,71,0,0,104,0,0,27,0,0,0,0,0,0,18,0,0,15,0,0,0,0,8,3,0,0,0,0,4,0,NA,19,24,0,0,0,0,0,0,0,0,0,0,0,0,NA,0,NA,0,0,5,13,0,0,0,0,0,0,0,0,0,0,0,0,0,0,NA,0,0,0,0,0,0,0,0,NA,0,0,0,NA,0,0,NA,0,NA,0,0,0,0,0,0,0,0,0,0,0,0,0,0,NA,NA,0,0,0,0,0,0,0,0,0,0,NA,0,NA,NA,NA,NA,0,0,0,0,NA,NA,NA,NA,0,NA,0,0,0,NA,0,0,0,NA,0,0,NA,NA,0,NA,0,NA,0,0,0,0,0,NA,0,NA,0,0,0,NA,NA,NA,NA,NA,NA,0,0,NA,0,NA,NA,NA,0,NA,0,0,NA,NA,0,NA,NA,0,0,0,0,0,0,0,0,0,0,0,0,0,0,0,0,0,0,0,"716","fearPolygon","Nő","Female",51567.1649771333
"76",418,204,2153,37875,24,1934,589,5224,2737,5386,0,1495,3985,NA,0,NA,108,NA,13131,0,0,18948,20773,0,167,23573,0,521,144,347,4929,2131,153,17479,126,396,7099,NA,2094,0,19519,7578,4935,1471,6472,4706,9518,99,0,0,10852,11707,515,575,0,2193,0,4638,8808,526,64,3,28,0,9106,34092,939,8882,757,906,555,975,0,3025,20641,73,0,25323,80,160,78,0,0,23,40044,27,5112,0,5056,0,1091,0,615,4885,14,16046,0,34485,9,19995,605,18770,1621,144,73,14301,37,10236,729,4140,3182,55,1,53,56466,13,124,26,166,153,186,0,0,0,223,555,1190,536,16,38,36,17,0,721,0,117,154,37,12,0,84,16,17,242,0,0,0,0,0,238,0,0,0,195,38,67,NA,37,500,23,1565,5,77,0,2,0,4,0,23,0,0,NA,2,NA,18,0,128,23,0,1,0,43,12,120,0,186,0,0,194,110,0,5,NA,61,0,227,46,5,7,7,0,NA,39,0,0,NA,0,20,NA,0,NA,13,56,13,0,17,68,0,0,14,85,58,0,15,0,NA,NA,1,0,0,2,1,0,5,27,26,0,NA,5,NA,NA,NA,NA,0,0,0,0,NA,NA,NA,NA,0,NA,0,0,0,NA,0,0,30,NA,0,3,NA,NA,5,NA,0,NA,0,0,0,0,0,NA,70,NA,39,40,0,NA,NA,NA,NA,NA,NA,0,4,NA,1,NA,NA,NA,0,NA,8,0,NA,NA,0,NA,NA,0,0,0,65,19,4,2,5,8,6,0,0,0,0,0,0,0,0,0,"730","safePolygon","Férfi","Male",331659.904760346
"77",0,0,7,94,0,3,0,12,0,9,0,4,3,NA,0,NA,0,NA,28,0,0,61,46,0,1,9,0,0,0,1,1,1,0,25,0,0,8,NA,0,0,52,8,6,0,23,13,19,0,0,0,24,21,0,0,0,1,0,11,28,0,0,0,0,0,31,99,2,15,6,0,0,3,0,1,53,0,0,48,0,1,0,0,0,0,90,0,4,0,7,0,1,0,1,12,0,38,0,101,0,63,0,34,5,0,1,33,0,19,0,11,12,0,0,54,122,0,0,0,2,0,0,0,0,0,0,0,0,0,0,0,0,0,0,5,0,0,0,0,0,0,0,0,0,0,0,0,0,0,0,0,0,0,0,1,0,0,NA,0,2,0,0,0,0,0,0,0,0,0,0,0,0,NA,0,NA,0,0,0,0,0,0,0,0,0,0,0,0,0,0,0,0,0,0,NA,0,0,0,0,0,0,0,0,NA,0,0,0,NA,0,0,NA,0,NA,0,0,0,0,0,0,0,0,0,0,0,0,0,0,NA,NA,0,0,0,0,0,0,0,0,0,0,NA,0,NA,NA,NA,NA,0,0,0,0,NA,NA,NA,NA,0,NA,0,0,0,NA,0,0,0,NA,0,0,NA,NA,0,NA,0,NA,0,0,0,0,0,NA,0,NA,0,0,0,NA,NA,NA,NA,NA,NA,0,0,NA,0,NA,NA,NA,0,NA,0,0,NA,NA,0,NA,NA,0,0,0,0,0,0,0,0,0,0,0,0,0,0,0,0,0,0,0,"730","safePolygon","Férfi","Male",0
"78",91,0,216,1488,0,1,0,80,2,31,0,45,16,NA,0,NA,0,NA,1079,69,31,1936,514,0,0,1953,0,0,0,165,170,365,221,796,2,0,264,NA,501,0,854,718,93,3,186,304,473,0,0,0,453,116,0,0,0,58,0,37,391,147,0,0,0,0,358,1317,47,906,0,92,197,111,0,41,1196,30,60,1199,0,0,0,3,0,0,2071,0,143,0,45,0,20,0,39,237,0,425,0,1183,0,1067,44,400,36,0,95,394,1,1659,321,15,60,0,0,57,2826,0,1,0,0,0,0,28,0,11,0,288,1,44,0,23,0,0,95,0,40,33,14,0,1,0,0,0,0,0,0,0,0,0,0,0,0,0,0,0,0,0,NA,0,0,0,0,0,0,0,0,0,0,0,0,0,0,NA,0,NA,0,0,0,0,0,0,0,0,0,0,0,0,0,0,0,0,0,0,NA,0,0,0,0,0,0,0,0,NA,0,0,0,NA,0,0,NA,0,NA,0,0,0,0,0,0,0,0,0,0,0,0,0,0,NA,NA,0,0,0,0,0,0,0,0,0,0,NA,0,NA,NA,NA,NA,0,0,0,0,NA,NA,NA,NA,0,NA,0,0,0,NA,0,0,0,NA,0,0,NA,NA,0,NA,0,NA,0,0,0,0,0,NA,0,NA,0,0,0,NA,NA,NA,NA,NA,NA,0,0,NA,0,NA,NA,NA,0,NA,0,0,NA,NA,0,NA,NA,0,0,0,0,0,0,0,0,0,0,0,0,0,0,0,0,0,0,0,"731","fearPolygon","Férfi","Male",39601.3762541562
"79",497,23,190,4640,0,80,26,676,260,343,0,94,236,NA,0,NA,0,NA,2753,0,0,2375,2024,0,53,1832,0,74,3,238,270,364,0,2522,0,54,665,NA,569,0,1507,965,295,57,200,370,300,0,0,0,1118,1848,2,24,0,279,0,744,1231,113,1,0,0,0,196,5041,113,1053,146,296,0,192,0,346,2894,0,0,2465,179,28,0,0,0,0,2883,2,288,0,217,0,254,0,160,1222,0,1545,0,5711,0,3885,653,1871,217,38,51,1220,43,2008,52,1077,120,56,0,6,6711,0,0,38,0,116,24,0,0,1,106,52,0,0,0,0,0,0,0,104,0,0,0,0,42,2,0,0,0,3,0,0,0,0,0,2,35,35,34,0,0,1,NA,39,0,0,0,0,0,0,0,0,0,0,1,0,0,NA,0,NA,0,0,0,38,0,0,0,0,0,0,0,0,0,0,0,0,0,0,NA,0,0,0,0,0,0,0,0,NA,0,0,0,NA,0,0,NA,0,NA,0,0,0,0,0,0,0,0,0,0,0,0,0,0,NA,NA,0,0,0,0,0,0,0,0,0,0,NA,0,NA,NA,NA,NA,0,0,0,0,NA,NA,NA,NA,0,NA,0,0,0,NA,0,0,0,NA,0,0,NA,NA,0,NA,0,NA,0,0,0,0,0,NA,0,NA,0,0,0,NA,NA,NA,NA,NA,NA,0,0,NA,0,NA,NA,NA,0,NA,0,0,NA,NA,0,NA,NA,0,0,0,0,0,0,0,0,0,0,0,0,0,0,0,0,0,0,0,"716","fearPolygon","Nő","Female",15713.3847626969
"80",0,0,22,77,0,11,12,33,0,14,0,0,0,NA,0,NA,0,NA,2,17,0,114,48,0,0,75,0,0,0,16,0,53,14,69,0,1,0,NA,19,0,58,1,8,0,0,12,32,0,0,0,33,23,0,1,0,0,0,0,1,0,0,0,0,0,11,16,3,31,0,9,35,0,0,5,68,2,0,62,0,0,0,15,0,5,75,0,2,0,4,0,0,0,0,27,1,35,0,22,0,51,0,28,0,2,16,23,0,120,25,0,0,2,0,61,148,0,0,0,0,0,0,1,0,0,0,4,0,0,9,0,0,0,0,0,0,0,0,0,0,0,0,0,0,0,0,0,0,0,0,0,0,0,0,0,0,0,NA,0,0,0,0,0,0,0,0,0,0,0,0,0,0,NA,0,NA,0,0,0,0,0,0,0,0,0,1,0,0,0,0,0,0,0,0,NA,0,0,0,0,0,0,0,0,NA,0,0,0,NA,0,0,NA,0,NA,0,0,0,0,0,0,4,0,0,0,0,0,0,0,NA,NA,0,0,0,0,0,0,0,0,0,0,NA,0,NA,NA,NA,NA,0,0,0,0,NA,NA,NA,NA,0,NA,0,0,0,NA,0,0,0,NA,0,0,NA,NA,0,NA,0,NA,0,0,0,0,0,NA,0,NA,0,0,0,NA,NA,NA,NA,NA,NA,0,0,NA,0,NA,NA,NA,0,NA,0,0,NA,NA,0,NA,NA,0,0,0,0,0,0,0,0,0,0,0,0,0,0,0,0,0,0,0,"731","safePolygon","Férfi","Male",4811.02245572209
"81",0,0,31,626,7,2,0,40,38,32,0,0,0,NA,23,NA,0,NA,56,1,1,565,175,0,179,548,20,36,36,1,0,181,3,239,0,0,29,NA,0,1,382,26,8,0,24,163,99,0,5,0,317,60,74,84,0,0,0,3,22,32,7,0,7,0,148,168,31,28,1,28,1,3,0,35,364,0,0,400,46,0,33,0,0,29,499,0,30,0,94,23,4,0,23,174,0,54,0,205,23,573,0,151,10,30,2,54,0,364,0,29,38,0,0,62,793,0,0,0,0,0,0,0,0,0,0,0,0,0,0,0,0,0,0,0,0,0,0,0,0,0,0,0,0,0,0,0,0,0,0,0,0,0,0,0,0,0,NA,0,0,0,0,0,0,0,0,0,0,0,0,0,20,NA,0,NA,0,0,0,0,0,0,0,0,0,0,0,0,0,0,0,0,0,0,NA,9,0,0,0,0,0,0,0,NA,0,0,0,NA,0,0,NA,0,NA,0,0,0,0,0,0,0,0,0,0,0,0,0,0,NA,NA,0,0,0,0,0,0,0,0,0,0,NA,0,NA,NA,NA,NA,0,0,0,0,NA,NA,NA,NA,0,NA,0,23,0,NA,0,0,0,NA,0,0,NA,NA,0,NA,0,NA,0,0,0,0,0,NA,0,NA,0,0,0,NA,NA,NA,NA,NA,NA,0,0,NA,0,NA,NA,NA,0,NA,0,0,NA,NA,0,NA,NA,0,0,0,0,0,0,0,0,0,0,0,0,0,0,0,0,0,0,0,"732","safePolygon","Nő","Female",3052.08317883685
"82",4,0,39,506,0,0,0,21,0,1,0,9,0,NA,0,NA,0,NA,519,0,0,472,171,0,0,96,0,0,0,11,34,29,9,287,0,0,252,NA,49,0,163,186,9,40,17,108,60,0,0,0,41,58,0,0,0,113,0,49,364,0,0,0,0,0,146,683,0,267,0,44,22,5,0,0,340,0,0,530,0,0,0,0,0,0,528,0,95,0,9,0,0,0,0,48,5,130,0,724,0,415,25,158,38,24,20,121,0,479,2,41,137,14,0,63,893,0,0,0,22,0,0,0,0,0,0,74,0,0,0,0,0,0,0,2,0,0,0,0,0,0,0,0,0,0,0,0,0,0,0,0,0,0,0,0,31,0,NA,0,0,0,5,0,0,0,0,0,0,0,29,0,0,NA,0,NA,0,0,0,0,0,0,0,0,0,0,0,0,0,0,0,0,0,0,NA,0,0,0,0,0,0,0,0,NA,0,0,0,NA,0,0,NA,0,NA,0,0,0,0,0,0,0,0,0,0,0,0,0,0,NA,NA,0,0,0,0,0,0,0,0,0,0,NA,0,NA,NA,NA,NA,0,0,0,0,NA,NA,NA,NA,0,NA,0,0,0,NA,0,0,0,NA,0,0,NA,NA,0,NA,0,NA,0,0,0,0,0,NA,0,NA,0,0,0,NA,NA,NA,NA,NA,NA,0,0,NA,0,NA,NA,NA,0,NA,0,0,NA,NA,0,NA,NA,0,0,0,0,0,0,0,0,0,0,0,0,0,0,0,0,0,0,0,"732","safePolygon","Nő","Female",3047.01709018368
"83",23,2,9,1290,0,10,22,39,191,25,0,16,53,NA,0,NA,1,NA,464,11,11,352,351,0,0,1471,0,0,12,9,268,42,6,480,0,6,308,NA,81,0,903,443,23,42,221,43,353,0,0,0,571,222,23,7,0,139,0,276,640,0,0,0,0,0,424,1412,48,232,11,36,0,29,0,92,845,0,0,672,5,0,0,0,0,2,1693,0,121,0,84,0,55,0,77,403,0,174,1,1398,0,277,105,290,11,0,0,145,1,210,1,88,37,5,0,65,1875,0,3,6,5,0,5,0,0,7,13,2,13,10,0,0,0,0,0,18,0,0,10,0,0,1,2,10,0,18,0,0,0,0,0,10,0,0,0,0,1,0,NA,8,7,0,23,1,0,0,0,0,0,9,2,0,0,NA,27,NA,0,0,0,16,20,0,2,0,0,0,0,0,0,1,0,0,0,0,NA,0,0,0,2,0,0,0,6,NA,0,0,0,NA,0,1,NA,0,NA,0,0,0,0,0,0,0,0,0,4,0,0,0,0,NA,NA,0,0,0,0,0,0,0,0,0,0,NA,0,NA,NA,NA,NA,8,34,0,0,NA,NA,NA,NA,0,NA,0,0,0,NA,1,0,0,NA,0,0,NA,NA,0,NA,0,NA,0,0,0,0,0,NA,0,NA,0,0,0,NA,NA,NA,NA,NA,NA,0,0,NA,0,NA,NA,NA,0,NA,0,0,NA,NA,0,NA,NA,0,0,0,1,0,0,0,0,0,0,0,0,0,0,0,0,0,0,0,"732","fearPolygon","Nő","Female",392366.708873399
"84",8,1,3,334,0,2,4,16,38,11,0,4,36,NA,0,NA,0,NA,104,1,1,57,69,0,0,250,0,0,1,1,122,6,1,165,0,0,75,NA,7,0,250,82,7,13,86,12,87,0,0,0,154,46,5,2,0,42,0,92,165,1,0,0,0,0,131,375,27,34,1,2,1,2,0,14,236,0,0,196,0,0,0,0,0,0,434,0,39,0,19,0,12,0,15,105,0,42,0,361,0,63,16,49,3,1,0,25,1,36,0,29,10,1,0,67,474,0,3,2,2,0,1,0,0,4,4,4,10,0,0,0,0,0,0,11,0,0,3,0,0,5,1,2,0,7,0,0,0,0,1,2,0,0,0,0,0,0,NA,2,1,0,12,0,0,0,0,0,0,2,1,0,0,NA,2,NA,0,0,1,2,4,0,2,0,0,0,0,0,0,0,0,0,0,0,NA,0,1,0,1,0,0,0,1,NA,0,0,0,NA,0,0,NA,0,NA,0,0,0,0,0,0,0,0,0,1,0,0,0,0,NA,NA,0,0,0,0,0,0,0,0,0,0,NA,0,NA,NA,NA,NA,0,3,0,0,NA,NA,NA,NA,0,NA,0,0,0,NA,0,0,0,NA,0,0,NA,NA,0,NA,0,NA,0,1,0,0,0,NA,0,NA,0,0,0,NA,NA,NA,NA,NA,NA,0,0,NA,0,NA,NA,NA,0,NA,0,0,NA,NA,0,NA,NA,0,0,0,0,0,0,0,0,0,0,0,0,0,0,0,0,0,0,0,"735","fearPolygon","Férfi","Male",0
"85",964,353,971,48411,0,299,874,1415,6551,1221,0,377,2303,NA,0,NA,77,NA,23004,195,195,19692,11334,0,0,52497,0,0,582,240,13702,1519,102,20546,25,493,13127,NA,7993,0,31562,22806,797,2173,9071,2825,11219,14,0,0,18951,7189,683,279,0,6865,0,13449,25546,472,0,0,0,0,17409,59118,2500,10262,177,1818,148,1315,0,2448,31443,29,0,28190,120,0,0,0,0,114,67768,102,3786,7,3224,0,1648,0,2581,13094,60,6335,80,55069,0,10779,3031,8340,390,67,0,4411,47,13065,110,4491,1760,118,0,72,75125,0,139,173,234,0,292,0,25,535,1145,854,485,354,0,1,26,33,0,936,0,0,1279,0,0,181,184,296,0,628,0,0,0,25,13,457,0,0,0,0,170,2,NA,315,158,0,1030,52,0,0,52,0,0,179,98,0,0,NA,201,NA,9,0,5,993,161,0,79,0,0,39,0,0,0,13,0,0,24,0,NA,10,10,0,76,31,0,0,124,NA,0,0,0,NA,0,0,NA,0,NA,0,0,0,95,0,0,0,0,0,39,0,0,0,0,NA,NA,0,0,0,0,0,0,0,0,0,0,NA,0,NA,NA,NA,NA,52,353,0,36,NA,NA,NA,NA,4,NA,0,0,0,NA,44,0,0,NA,0,0,NA,NA,0,NA,0,NA,0,84,0,0,0,NA,0,NA,0,0,0,NA,NA,NA,NA,NA,NA,0,0,NA,0,NA,NA,NA,0,NA,0,0,NA,NA,0,NA,NA,0,0,0,0,0,0,0,0,0,0,0,0,0,0,0,0,0,0,0,"736","fearPolygon","Férfi","Male",519827.769264102
"86",94,0,50,1132,0,0,15,72,25,16,0,15,0,NA,0,NA,0,NA,494,0,0,423,107,0,0,429,0,0,0,0,0,13,0,352,1,26,112,NA,72,0,613,110,0,0,343,127,229,0,0,0,431,65,36,0,0,25,0,40,277,5,0,0,0,0,311,948,0,133,0,1,0,36,0,63,711,0,0,650,0,0,0,0,0,17,997,15,191,0,225,0,62,0,0,353,0,52,0,1310,0,631,0,120,1,0,0,52,4,293,0,188,136,0,0,74,1337,0,14,0,0,0,0,0,0,0,0,1,0,0,0,0,0,0,0,43,0,0,0,0,0,0,0,0,0,0,49,0,0,0,0,0,0,0,0,0,0,0,NA,0,0,0,0,0,0,0,0,0,0,0,0,0,0,NA,0,NA,0,0,0,0,0,0,13,0,0,0,0,0,0,0,0,0,0,0,NA,0,0,0,0,0,0,0,0,NA,0,0,0,NA,0,0,NA,0,NA,0,0,0,0,0,0,0,0,0,0,0,0,0,0,NA,NA,0,0,0,0,0,0,0,0,0,0,NA,0,NA,NA,NA,NA,0,0,0,0,NA,NA,NA,NA,0,NA,0,0,0,NA,0,0,0,NA,0,0,NA,NA,0,NA,0,NA,1,0,0,0,0,NA,0,NA,0,0,0,NA,NA,NA,NA,NA,NA,0,0,NA,0,NA,NA,NA,0,NA,0,0,NA,NA,0,NA,NA,0,0,0,0,0,0,0,0,0,0,0,0,0,0,0,0,0,0,0,"736","safePolygon","Férfi","Male",10930.8184921872
"87",0,0,3,386,0,0,0,21,67,53,0,5,45,NA,0,NA,0,NA,30,0,0,177,203,0,0,468,0,0,0,59,1,61,0,52,0,0,17,NA,17,0,324,11,45,0,12,41,73,0,0,0,196,243,0,0,0,0,0,0,15,0,0,0,0,0,45,202,2,75,0,59,0,0,0,30,284,0,0,225,0,0,0,0,0,0,503,0,10,0,130,0,18,0,6,81,0,144,0,273,0,143,6,230,3,0,0,175,0,177,0,7,0,20,0,79,561,0,0,5,0,90,0,0,0,0,0,0,0,0,0,0,0,0,0,1,0,0,0,0,0,0,0,0,0,0,0,0,0,0,0,0,0,0,0,0,1,11,NA,0,0,0,0,0,0,0,0,20,0,0,0,0,0,NA,1,NA,0,0,0,0,0,0,0,0,0,0,0,0,0,0,0,0,0,0,NA,0,0,0,0,0,0,8,0,NA,0,0,0,NA,0,0,NA,0,NA,0,0,0,0,0,0,0,0,0,0,0,0,0,0,NA,NA,0,0,0,0,0,0,0,0,0,0,NA,0,NA,NA,NA,NA,0,0,0,0,NA,NA,NA,NA,0,NA,0,0,0,NA,0,0,0,NA,0,0,NA,NA,0,NA,0,NA,0,0,0,0,0,NA,0,NA,0,0,0,NA,NA,NA,NA,NA,NA,0,0,NA,0,NA,NA,NA,0,NA,0,0,NA,NA,0,NA,NA,0,0,0,0,0,0,0,0,0,0,0,0,0,0,0,0,0,0,0,"739","safePolygon","Férfi","Male",4308.36948459595
"88",0,30,0,1033,0,90,27,39,91,39,0,21,44,NA,0,NA,0,NA,377,0,0,192,397,0,0,1169,0,0,99,42,133,131,0,822,175,111,271,NA,1,0,439,233,41,6,81,32,328,116,0,0,285,229,153,79,0,24,0,112,182,0,0,69,0,1,137,866,101,38,0,0,17,0,0,123,567,0,0,1054,0,14,0,0,0,22,1175,5,458,0,78,0,266,0,20,34,0,311,0,804,0,312,41,360,18,129,0,300,0,36,20,24,41,0,0,80,1558,0,0,0,0,0,15,0,0,0,0,6,22,0,0,0,0,23,0,0,0,14,17,0,0,0,0,0,0,88,14,0,0,0,0,0,0,0,0,0,0,0,NA,0,0,0,14,0,0,0,0,0,0,0,0,0,0,NA,0,NA,0,0,0,0,0,0,0,0,0,110,0,0,0,0,0,0,0,0,NA,0,0,0,0,0,0,0,0,NA,0,0,0,NA,26,0,NA,0,NA,0,0,0,0,0,0,0,0,0,23,88,0,0,0,NA,NA,0,0,0,0,0,0,0,1,0,0,NA,0,NA,NA,NA,NA,0,0,0,0,NA,NA,NA,NA,0,NA,4,0,0,NA,0,0,0,NA,0,0,NA,NA,0,NA,0,NA,0,0,0,0,0,NA,0,NA,0,0,0,NA,NA,NA,NA,NA,NA,0,0,NA,0,NA,NA,NA,0,NA,0,0,NA,NA,0,NA,NA,0,0,0,0,0,0,0,0,0,0,0,0,0,0,0,0,0,0,0,"739","safePolygon","Férfi","Male",8641.95844841748
"89",0,1,0,345,0,131,21,129,44,148,0,23,85,NA,0,NA,0,NA,31,0,0,49,290,0,1,271,0,0,10,0,0,1,0,171,2,0,33,NA,0,0,188,0,96,0,85,48,34,0,0,0,122,242,2,23,0,0,0,68,62,0,0,0,0,0,0,175,18,0,18,0,0,0,0,72,57,0,0,223,0,0,0,0,0,1,384,0,25,0,84,0,50,0,0,0,0,240,0,107,0,26,0,297,29,2,0,192,0,0,0,0,0,0,0,81,483,0,0,0,0,0,0,0,0,0,0,0,0,0,0,0,0,0,0,0,0,0,0,0,0,0,0,0,0,10,0,0,0,0,0,0,0,0,0,0,0,0,NA,0,0,0,0,0,0,0,0,0,0,0,0,0,0,NA,0,NA,0,0,34,0,0,0,0,0,0,0,0,0,0,0,0,0,0,0,NA,0,0,0,0,0,0,0,0,NA,0,0,0,NA,0,0,NA,0,NA,0,0,0,0,0,0,0,0,0,0,0,0,0,0,NA,NA,0,0,0,0,0,0,0,0,0,0,NA,0,NA,NA,NA,NA,0,0,0,0,NA,NA,NA,NA,0,NA,0,0,0,NA,0,0,0,NA,0,0,NA,NA,0,NA,0,NA,0,0,0,0,0,NA,0,NA,29,0,0,NA,NA,NA,NA,NA,NA,0,0,NA,0,NA,NA,NA,0,NA,0,0,NA,NA,0,NA,NA,0,0,0,0,1,0,0,0,0,0,0,0,0,0,0,0,0,0,0,"739","safePolygon","Férfi","Male",23109.2547978014
"90",1101,337,1510,47241,0,357,636,1734,5463,1456,13,332,4071,NA,0,NA,30,NA,21608,143,89,15087,12575,0,45,44202,0,13,258,689,20039,1573,182,22979,158,562,10406,NA,5584,0,31827,16513,1350,2688,10646,2123,10585,0,0,0,16410,9081,543,405,0,9013,0,14553,22769,376,40,0,0,0,16179,56807,3184,8374,414,1068,262,964,0,2431,31261,40,7,29495,250,50,73,0,0,228,64817,48,5172,10,2939,0,1565,0,2301,12150,1,7648,46,52424,0,12805,3508,10160,393,130,269,6110,146,11166,346,4082,1522,149,0,82,73564,0,153,155,212,222,288,0,185,438,711,680,900,1274,0,0,14,43,0,1143,0,8,847,0,4,603,140,218,10,433,1,16,15,75,22,326,58,31,46,100,94,60,NA,227,236,11,2064,11,50,178,8,47,350,159,208,39,0,NA,115,NA,0,0,4,992,126,1,30,0,0,5,0,0,0,14,20,0,2,0,NA,15,11,0,36,22,0,0,38,NA,0,0,0,NA,0,0,NA,0,NA,0,0,0,10,0,0,5,0,0,16,0,0,0,0,NA,NA,0,0,12,0,0,0,0,0,0,5,NA,0,NA,NA,NA,NA,32,206,0,4,NA,NA,NA,NA,2,NA,0,0,0,NA,24,0,0,NA,0,0,NA,NA,0,NA,71,NA,0,78,14,0,0,NA,0,NA,0,0,0,NA,NA,NA,NA,NA,NA,0,0,NA,0,NA,NA,NA,0,NA,0,0,NA,NA,0,NA,NA,0,0,0,10,0,0,0,0,0,0,28,2,6,85,97,0,0,0,0,"739","fearPolygon","Férfi","Male",1058849.95950745
"91",494,122,1063,33164,0,295,507,1428,3792,1382,24,352,806,NA,0,NA,28,NA,16652,145,99,13002,9874,0,12,38841,0,0,207,308,13338,1241,43,13439,116,437,9037,NA,5133,0,21698,16817,1510,1291,5257,1815,6213,0,0,0,10997,6842,307,357,0,7071,0,14598,18964,314,54,0,0,0,11684,44176,1509,6508,328,1016,279,1054,0,1343,20224,17,10,19636,41,0,0,0,0,115,49032,66,3194,10,2023,0,1204,0,3235,7910,28,6651,32,41367,0,8948,4126,8130,577,38,113,5436,207,9085,270,3448,1041,99,0,85,55633,0,187,246,81,22,166,0,89,427,974,759,177,2623,0,67,134,41,0,406,0,0,848,0,0,126,83,137,13,435,0,0,0,10,3,200,0,0,0,20,78,10,NA,237,214,0,132,0,45,208,21,0,379,51,140,0,0,NA,195,NA,0,51,14,1218,192,0,77,0,0,0,0,0,0,16,38,0,47,0,NA,21,14,3,42,13,0,0,37,NA,0,0,0,NA,0,0,NA,0,NA,0,0,0,27,0,0,10,0,0,3,0,0,0,0,NA,NA,0,0,25,0,0,0,0,0,0,8,NA,0,NA,NA,NA,NA,14,159,0,0,NA,NA,NA,NA,5,NA,0,0,0,NA,31,115,0,NA,44,0,NA,NA,0,NA,93,NA,0,24,0,0,0,NA,0,NA,0,0,0,NA,NA,NA,NA,NA,NA,0,0,NA,0,NA,NA,NA,0,NA,0,0,NA,NA,0,NA,NA,0,0,0,24,0,0,0,0,0,0,7,25,16,95,130,12,0,0,0,"740","fearPolygon","Nő","Female",1288798.93054068
"92",0,156,308,2776,9,130,161,379,213,123,0,55,59,NA,0,NA,13,NA,695,0,0,2762,1190,0,153,2672,0,1,18,94,26,709,14,776,67,65,383,NA,512,27,1955,279,197,8,138,570,358,34,0,31,1316,639,63,105,0,79,0,0,395,158,15,39,56,18,1199,2423,84,709,254,116,0,175,0,167,1860,0,0,1360,50,0,37,0,0,70,2372,26,305,0,534,0,111,0,8,461,0,766,1,2170,41,2304,17,993,15,81,0,656,0,2055,95,208,66,0,29,87,4330,0,0,0,0,14,0,0,0,0,0,9,0,93,2,42,0,12,0,0,0,0,0,0,0,0,20,0,0,29,0,0,0,19,0,24,0,0,0,0,0,50,NA,0,0,0,0,0,0,0,0,0,0,0,0,0,0,NA,0,NA,0,0,0,0,0,0,0,0,0,29,0,18,0,0,0,0,0,0,NA,19,0,0,0,0,0,0,0,NA,0,0,0,NA,0,0,NA,4,NA,13,0,0,0,0,0,0,0,0,0,0,0,0,0,NA,NA,0,0,0,0,0,0,0,0,0,0,NA,0,NA,NA,NA,NA,0,0,0,0,NA,NA,NA,NA,0,NA,0,0,0,NA,0,0,0,NA,0,0,NA,NA,0,NA,0,NA,0,0,0,0,0,NA,0,NA,25,36,25,NA,NA,NA,NA,NA,NA,0,0,NA,0,NA,NA,NA,0,NA,0,0,NA,NA,0,NA,NA,0,0,0,0,0,0,0,0,0,0,0,0,0,0,0,0,0,0,0,"740","safePolygon","Nő","Female",15891.6361701488
"93",24,1,249,1919,0,22,0,68,21,97,0,52,117,NA,0,NA,0,NA,1029,22,2,1365,593,0,6,1446,0,0,0,81,280,165,62,595,22,0,473,NA,405,0,1170,942,68,44,193,301,358,0,0,0,590,247,0,0,0,215,0,388,584,40,0,29,0,0,307,2051,17,779,9,58,94,58,0,23,1369,6,7,1056,37,0,0,12,0,0,2182,0,149,1,110,0,69,0,140,483,0,572,0,1846,0,824,154,423,17,0,16,437,0,881,155,289,35,0,0,89,2950,0,0,0,21,19,0,29,0,26,16,68,4,123,0,12,7,0,24,51,10,0,41,9,0,0,0,0,0,0,0,0,0,0,0,0,0,0,0,0,1,19,NA,0,0,0,0,0,0,0,0,0,0,0,0,0,10,NA,0,NA,0,0,0,0,0,0,0,0,0,0,0,0,0,0,0,0,0,0,NA,0,0,0,0,0,0,0,0,NA,0,0,0,NA,0,0,NA,0,NA,0,0,0,0,0,0,0,0,0,0,0,0,0,0,NA,NA,0,0,0,1,0,0,0,0,0,0,NA,0,NA,NA,NA,NA,0,0,0,0,NA,NA,NA,NA,0,NA,0,0,0,NA,0,0,0,NA,0,0,NA,NA,0,NA,0,NA,0,0,0,0,0,NA,0,NA,0,0,0,NA,NA,NA,NA,NA,NA,29,0,NA,0,NA,NA,NA,0,NA,0,0,NA,NA,0,NA,NA,0,0,0,0,0,0,0,0,0,0,0,0,0,0,0,0,29,0,0,"740","fearPolygon","Nő","Female",61870.505674962
"94",112,66,218,12354,0,534,161,773,1032,726,0,211,1363,NA,0,NA,1,NA,4071,0,0,1803,2826,0,34,10299,0,0,80,29,6208,333,12,9474,41,127,3164,NA,486,0,5998,3834,315,1749,3103,1243,5457,21,0,0,2621,2227,279,104,0,2132,0,5306,3889,13,37,0,0,0,1562,9357,164,1014,40,226,17,40,0,2023,6543,12,0,11901,8,2,0,0,0,42,16594,2,2089,0,2455,0,404,0,181,1130,0,2107,0,9294,0,2337,237,2572,143,20,0,1803,20,562,140,758,1330,4,0,90,17756,0,2,0,5,12,53,0,0,0,2,66,1038,166,0,24,11,22,0,228,0,19,208,17,0,25,16,8,0,78,0,0,0,0,0,43,0,0,0,21,14,11,NA,13,578,31,1951,2,2,0,0,0,1,0,17,0,0,NA,3,NA,0,0,142,25,0,3,5,39,0,1,0,0,56,0,266,0,0,0,NA,10,0,73,1,1,0,0,0,NA,0,0,0,NA,0,15,NA,0,NA,0,0,0,0,0,0,0,0,0,10,0,0,0,0,NA,NA,0,0,0,0,0,1,3,37,22,15,NA,1,NA,NA,NA,NA,1,0,0,0,NA,NA,NA,NA,0,NA,0,0,0,NA,0,0,25,NA,0,0,NA,NA,0,NA,0,NA,0,0,0,0,0,NA,22,NA,34,27,0,NA,NA,NA,NA,NA,NA,0,5,NA,0,NA,NA,NA,0,NA,9,0,NA,NA,0,NA,NA,0,0,0,0,11,0,3,0,3,2,0,0,0,2,0,0,0,3,1,"740","safePolygon","Nő","Female",307281.065867215
"95",19,0,212,1030,0,0,0,0,61,41,0,0,10,NA,0,NA,0,NA,435,0,0,1235,384,0,0,1639,0,0,0,22,69,15,13,21,0,0,277,NA,626,0,1009,1110,29,10,27,37,158,0,0,0,254,293,0,0,0,17,0,66,455,45,0,0,0,0,199,1849,27,782,0,44,0,112,0,0,863,0,0,172,0,0,0,0,0,0,1749,0,19,0,315,0,0,0,77,231,0,192,0,1104,0,346,79,357,7,0,0,163,0,1033,9,94,9,0,0,92,1989,0,0,0,0,0,0,0,38,12,193,7,0,1,0,0,0,0,0,0,0,0,111,0,0,0,0,0,0,0,0,0,0,12,0,0,0,0,0,0,8,0,NA,1,0,0,0,0,0,0,5,0,0,0,0,0,0,NA,6,NA,0,0,0,0,6,0,0,0,0,0,0,0,0,0,0,0,0,0,NA,0,0,0,0,0,0,0,0,NA,0,0,16,NA,0,0,NA,0,NA,0,0,0,0,0,0,0,0,0,0,0,0,0,0,NA,NA,0,0,0,0,0,0,0,0,0,0,NA,0,NA,NA,NA,NA,0,1,0,0,NA,NA,NA,NA,0,NA,0,0,0,NA,0,0,0,NA,0,0,NA,NA,0,NA,0,NA,0,0,0,22,0,NA,0,NA,0,0,0,NA,NA,NA,NA,NA,NA,0,0,NA,0,NA,NA,NA,0,NA,0,0,NA,NA,0,NA,NA,0,0,0,0,0,0,0,0,0,0,0,0,0,0,0,0,0,0,0,"741","safePolygon","Nő","Female",46187.304898262
"96",34,0,38,715,0,3,0,16,1,1,0,14,19,NA,0,NA,0,NA,989,0,0,246,42,0,0,165,0,0,0,0,201,0,0,545,0,0,172,NA,139,0,368,222,0,35,69,161,127,0,0,0,171,52,0,0,0,242,0,762,569,34,0,0,0,0,80,1121,1,97,11,0,0,50,0,24,653,0,0,517,0,0,9,0,0,0,631,0,78,0,27,0,0,0,211,306,0,18,0,1273,0,430,189,49,14,0,0,14,0,163,0,261,81,52,0,93,1286,0,0,18,93,0,0,0,0,0,36,56,0,39,0,0,39,0,0,18,0,0,0,0,0,0,0,0,0,0,0,0,0,0,0,0,0,0,0,0,0,0,NA,20,0,0,0,0,0,0,0,0,0,0,0,0,0,NA,0,NA,0,0,0,14,0,0,0,0,0,0,0,0,0,0,0,0,0,0,NA,15,0,0,0,0,0,0,0,NA,0,0,0,NA,0,0,NA,0,NA,0,0,0,0,0,0,0,0,0,0,0,0,0,0,NA,NA,0,0,0,0,0,0,0,0,0,0,NA,0,NA,NA,NA,NA,0,0,0,0,NA,NA,NA,NA,0,NA,0,0,0,NA,0,0,0,NA,0,0,NA,NA,0,NA,0,NA,0,0,0,0,0,NA,0,NA,0,0,0,NA,NA,NA,NA,NA,NA,0,0,NA,0,NA,NA,NA,0,NA,0,0,NA,NA,0,NA,NA,0,0,0,0,0,0,0,0,0,0,0,0,0,0,0,0,0,0,0,"741","fearPolygon","Nő","Female",31005.5425464362
"97",0,0,0,967,0,0,0,0,77,33,0,0,1,NA,0,NA,0,NA,190,0,0,218,156,0,0,1009,0,0,0,0,0,0,0,227,0,0,77,NA,4,0,646,24,6,18,0,51,119,0,0,0,607,460,0,0,0,16,0,0,235,0,0,0,0,2,144,530,1,94,31,37,0,2,0,67,673,0,0,564,19,0,0,0,0,0,1034,0,68,0,135,0,0,0,0,186,0,135,0,950,0,593,0,274,19,0,0,161,0,185,0,99,0,9,0,94,1143,0,0,0,0,155,0,0,0,0,0,0,0,0,0,0,0,0,0,0,0,0,0,0,0,0,0,0,0,0,0,0,0,0,0,0,0,0,0,0,0,65,NA,0,0,0,0,0,0,0,0,24,0,0,0,0,0,NA,0,NA,0,0,0,0,0,0,0,0,0,0,0,0,0,0,0,0,0,0,NA,33,0,0,0,0,0,0,0,NA,0,0,0,NA,0,0,NA,0,NA,0,0,0,0,0,0,0,0,0,0,0,0,0,0,NA,NA,0,0,0,0,0,0,0,0,0,0,NA,0,NA,NA,NA,NA,0,0,0,0,NA,NA,NA,NA,0,NA,0,0,0,NA,0,0,0,NA,0,0,NA,NA,0,NA,0,NA,0,0,0,0,0,NA,0,NA,0,0,0,NA,NA,NA,NA,NA,NA,0,0,NA,0,NA,NA,NA,0,NA,0,0,NA,NA,0,NA,NA,0,0,0,0,0,0,0,0,0,0,0,0,0,0,0,0,0,0,0,"741","fearPolygon","Nő","Female",8397.06907884777
"98",140,0,1460,11455,0,116,20,270,116,967,0,363,368,NA,0,NA,0,NA,5794,79,79,10817,4054,0,0,12986,0,34,0,625,1297,1062,249,2153,64,6,3203,NA,3765,0,9079,7396,677,0,816,1261,1279,0,0,0,3170,995,0,0,0,1080,0,1467,2475,137,0,0,0,0,4004,15315,286,7909,0,401,124,695,0,153,9213,0,0,4854,87,10,0,264,0,0,13722,0,961,0,767,0,149,0,1224,3170,0,3969,0,10452,0,5740,1552,3259,23,0,199,3274,21,8423,1265,850,258,0,0,96,19711,71,0,0,0,0,0,0,109,189,94,575,3,1327,45,4,39,0,54,80,50,0,413,0,0,0,0,0,0,1,0,0,0,8,0,0,0,0,0,0,0,0,NA,0,0,0,0,0,0,0,0,0,0,0,0,0,0,NA,0,NA,0,0,0,0,0,0,0,0,0,0,0,0,0,0,0,0,0,0,NA,0,0,0,0,0,0,0,19,NA,0,0,0,NA,0,0,NA,0,NA,0,0,0,0,0,0,0,0,0,0,0,0,0,0,NA,NA,0,0,0,0,0,0,0,0,0,0,NA,0,NA,NA,NA,NA,0,19,0,0,NA,NA,NA,NA,0,NA,0,0,0,NA,0,0,0,NA,0,0,NA,NA,0,NA,0,NA,0,0,0,0,43,NA,0,NA,0,0,0,NA,NA,NA,NA,NA,NA,0,0,NA,0,NA,NA,NA,0,NA,0,0,NA,NA,0,NA,NA,0,0,0,0,0,0,0,0,0,0,0,0,0,0,0,0,0,0,0,"741","fearPolygon","Nő","Female",43149.137225775
"99",621,78,2529,27121,0,400,644,960,3451,1698,37,268,238,NA,0,NA,0,NA,13463,0,0,15675,12086,0,0,30768,0,0,142,1130,2043,2273,326,8681,0,650,5627,NA,5858,0,16865,10525,1135,401,1176,2050,6586,0,0,0,8375,5945,480,52,0,753,0,1176,8055,335,0,0,0,0,7765,29062,424,10861,0,1585,180,934,0,1461,17547,76,0,15061,121,65,3,2,0,222,34325,7,1883,0,2633,0,457,0,861,6146,0,5181,0,28783,0,13157,1069,8958,478,82,247,4969,80,13055,613,1304,976,9,0,97,41702,0,0,11,56,382,85,0,343,6,934,392,0,513,0,0,20,0,0,736,0,0,96,0,0,17,24,99,38,238,0,83,36,119,0,214,87,46,50,200,0,22,NA,158,0,46,70,2,40,39,19,67,39,169,14,0,0,NA,14,NA,0,0,0,10,52,0,0,0,0,0,0,0,0,1,0,0,0,0,NA,0,0,0,0,0,0,0,0,NA,0,0,0,NA,0,0,NA,0,NA,0,0,0,0,0,0,0,0,0,0,0,0,0,0,NA,NA,0,0,0,0,0,0,0,0,0,0,NA,0,NA,NA,NA,NA,24,91,0,0,NA,NA,NA,NA,0,NA,0,0,0,NA,0,0,0,NA,0,0,NA,NA,0,NA,0,NA,0,0,0,0,0,NA,0,NA,0,0,0,NA,NA,NA,NA,NA,NA,0,0,NA,0,NA,NA,NA,0,NA,0,0,NA,NA,0,NA,NA,0,0,0,0,0,0,0,0,0,0,0,0,0,0,0,0,0,0,0,"742","fearPolygon","Férfi","Male",87061.303555727
"100",0,0,11,58,0,0,0,28,5,0,0,0,0,NA,0,NA,0,NA,42,0,0,69,29,0,4,21,0,8,0,2,12,8,0,36,0,0,0,NA,13,0,12,11,0,0,2,19,3,0,0,0,28,50,0,0,0,0,0,19,11,13,0,0,0,0,5,99,0,34,0,0,0,5,0,3,46,0,0,49,0,0,0,0,0,0,55,0,10,0,1,0,2,0,1,6,0,17,0,84,0,34,3,36,0,0,0,9,0,46,0,9,0,1,0,98,107,0,0,0,0,0,0,0,0,0,0,0,0,0,0,0,0,0,0,0,0,0,0,0,0,0,0,0,0,0,0,0,0,0,0,0,0,0,0,0,0,0,NA,0,0,0,0,0,0,0,0,0,0,0,0,0,0,NA,0,NA,0,0,0,0,0,0,0,0,0,0,0,0,0,0,0,0,0,0,NA,0,0,0,0,0,0,0,0,NA,0,0,0,NA,0,0,NA,0,NA,0,0,0,0,0,0,0,0,0,1,0,0,0,0,NA,NA,0,0,0,0,0,0,0,0,0,0,NA,0,NA,NA,NA,NA,0,0,0,0,NA,NA,NA,NA,0,NA,0,0,0,NA,0,0,0,NA,0,0,NA,NA,0,NA,0,NA,0,0,0,0,0,NA,0,NA,0,0,0,NA,NA,NA,NA,NA,NA,0,0,NA,0,NA,NA,NA,0,NA,0,0,NA,NA,0,NA,NA,0,0,0,0,0,0,0,0,0,0,0,0,0,0,0,0,0,0,0,"742","fearPolygon","Férfi","Male",671.529597170651
