Polygon,Cloud,Car,Tire,Sky,Wheel,Vehicle,Infrastructure,Asphalt,Window,Road surface,Property,Building,Automotive lighting,Fixture,Font,Material property,Facade,Rectangle,Tints and shades,Door,Symmetry,Motor vehicle,Automotive design,Vehicle registration plate,Architecture,Automotive exterior,Mode of transport,Urban design,House,Line,Wall,Tree,Gas,Screenshot,Product,Software,Automotive tail & brake light,Plant,Video game software,Advertising,Signage,Electronic device,Machine,Games,Graphics,Road,Street,Photograph,Street light,Automotive tire,Neighbourhood,Brick,City,Land vehicle,Wood,Automotive parking light,Lighting,Thoroughfare,Sidewalk,Public space,Technology,Brickwork,Arch,Home door,Automotive mirror,Biome,Snapshot,Pc game,Chair,Bench,Musical instrument,Natural foods,Fruit,Food group,Food,Multimedia software,Green,Land lot,Grass,Lane,Nature,Automotive carrying rack,Concrete,Multimedia,World,Roof,Condominium,White,Pedestrian crossing,Retail,Real estate,Light,Composite material,Design,Zebra crossing,Moon,Shooter game,Town,Vegetation,Terrestrial plant,Woody plant,Landscape,Bus,Leisure,Yellow,Tour bus service,Recreation,Shade,Natural landscape,Metropolitan area,Display device,Ecoregion,Commercial building,Travel,Residential area,Umbrella,Table,Awning,Tent,Natural environment,Adaptation,Fence,Vertebrate,Graphics software,Output device,Leaf,Branch,Communication Device,Gadget,Cottage,Plant community,Botany,Organism,Lawn,Shrub,Sunlight,Siding,Electricity,Slope,Landmark,Automotive side marker light,Apartment,Room,Sash window,Orange,Trunk,Grassland,Human settlement,Black,Computer,Tar,Cumulus,Van,Rolling,Plain,Rural area,Parallel,Gas pump,Gasoline,Filling station,Truck,Daytime,Event,Rearview mirror,Hood,Train,Rolling stock,Fender,Flower,Vehicle door,Home fencing,Forest,Bicycle,Mesh,Parking,Urban area,Gps navigation device,Hazard,Map,Traffic sign,People in nature,Groundcover,Personal computer,Logo,Horizon,Flooring,Interior design,Atmosphere,Personal luxury car,Cabinetry,Water,Prairie,Geological phenomenon,Grass family,Mammal,Floor,Public transport,Passenger,BicyclesEquipment and supplies,Automotive sideview mirror,Bicycle wheel,Home appliance,Banner,Sign,Automotive wheel system,Pedestrian,Bicycle handlebar,Mixeduse,Larch,Competition event,Animation,Handwriting,Grille,Naval architecture,Alloy wheel,Field house,Stadium,Sport venue,Camera,Morning,Light commercial vehicle,Engineering,Art,Brand,Player,Tower block,Compact van,signaling device,Flowerpot,Space,Electric blue,Hat,Sports equipment,Evergreen,Bumper,shortstraw pine,Flat panel display,Laptop,Traffic light,Bicycle frame,Hubcap,Sink,Suit,Poster,Racing video game,Meteorological phenomenon,Runway,Soil,Christmas tree,Wood stain,Crescent,Bird,Stairs,Stop sign,Bicycle tire,Canopy,Fashion accessory,Metal,Guitar,Transport hub,Trade,Job,Baseball,Waste container,Waste containment,Motorcycle,Billboard,Cartoon,Triangle,Pole,Racing,Gesture,Air travel,Auto part,Screen door,Race track,Motorsport,News,Outdoor table,Outdoor furniture,Overhead power line,Atmospheric phenomenon,Twig,Agriculture,Tower,Flowering plant,Porch,Television antenna,Highland,Garden,Ladder,Picket fence,Helmet,Aircraft,Carnivore,Number,Fuel,Commercial vehicle,Aerospace manufacturer,Aviation,Flag,Clock,Track,Railway,Railroad car,Locomotive,Audio equipment,Scoreboard,Snow,Pattern,Mountain,Operating system,Astronomical object,Transport,Meadow,Houseplant,Office equipment,Electronic instrument,Wire fencing,type,data,gender,poly_area
1,1161,1518,1186,1417,833,1113,856,1477,2024,1054,467,2436,467,238,803,34,731,127,20,458,134,643,167,395,131,180,744,831,333,234,53,200,165,984,92,132,208,169,49,143,89,1,138,33,1,138,23,210,130,69,26,100,138,313,89,190,160,200,5,61,109,54,53,113,24,105,36,2,34,34,34,22,22,22,22,35,3,16,29,3,9,13,12,7,19,8,8,8,7,22,40,15,13,1,6,26,2,1,0,0,0,0,0,0,0,0,0,0,0,0,0,0,0,0,0,0,0,0,0,0,0,0,0,0,0,0,0,0,0,0,0,0,0,0,0,0,0,0,0,0,0,0,0,0,0,0,0,0,0,0,0,0,0,0,0,0,0,0,0,0,0,0,0,0,0,0,0,0,0,0,0,0,0,0,0,0,0,0,0,0,0,0,0,0,0,0,0,0,0,0,0,0,0,0,0,0,0,0,0,0,0,0,0,0,0,0,0,0,0,0,0,0,0,0,0,0,0,0,0,0,0,0,0,0,0,0,0,0,0,0,0,0,0,0,0,0,0,0,0,0,0,0,0,0,0,0,0,0,0,0,0,0,0,0,0,0,0,0,0,0,0,0,0,0,0,0,0,0,0,0,0,0,0,0,0,0,0,0,0,0,0,0,0,0,0,0,0,0,0,0,0,0,0,0,0,0,0,0,0,0,0,0,0,0,0,0,0,0,0,0,0,0,0,0,0,0,0,0,0,safePolygon,Férfi,Male,15013.40263
2,987,171,154,1002,162,237,726,911,188,705,100,236,12,0,161,0,11,0,0,0,0,454,0,5,5,3,550,515,17,170,0,924,0,395,21,43,0,535,0,0,14,0,0,0,0,44,0,106,150,5,0,0,0,14,0,25,76,253,0,0,11,0,0,0,72,207,0,0,0,0,0,0,0,0,0,0,0,77,107,0,252,0,0,0,30,1,0,0,4,0,21,16,0,0,15,0,0,0,14,14,103,24,106,71,4,4,29,20,1,0,0,0,0,0,0,0,0,0,0,0,0,0,0,0,0,0,0,0,0,0,0,0,0,0,0,0,0,0,0,0,0,0,0,0,0,0,0,0,0,0,0,0,0,0,0,0,0,0,0,0,0,0,0,0,0,0,0,0,0,0,0,0,0,0,0,0,0,0,0,0,0,0,0,0,0,0,0,0,0,0,0,0,0,0,0,0,0,0,0,0,0,0,0,0,0,0,0,0,0,0,0,0,0,0,0,0,0,0,0,0,0,0,0,0,0,0,0,0,0,0,0,0,0,0,0,0,0,0,0,0,0,0,0,0,0,0,0,0,0,0,0,0,0,0,0,0,0,0,0,0,0,0,0,0,0,0,0,0,0,0,0,0,0,0,0,0,0,0,0,0,0,0,0,0,0,0,0,0,0,0,0,0,0,0,0,0,0,0,0,0,0,0,0,0,0,0,0,0,0,0,0,0,0,0,0,0,0,0,0,safePolygon,Férfi,Male,1847.418454
3,228,100,28,229,51,51,190,270,200,163,28,266,9,3,116,0,60,0,0,4,0,32,3,18,21,0,109,237,1,6,3,46,0,181,0,22,3,45,22,0,22,0,0,6,0,37,0,71,16,0,22,3,53,6,1,23,40,61,17,22,0,1,0,0,1,8,0,0,1,0,0,0,0,0,0,1,0,7,6,0,2,0,0,40,0,0,1,0,0,0,14,0,0,0,0,0,4,0,0,1,5,4,0,0,0,0,0,2,0,17,13,2,13,4,4,1,1,1,1,0,0,0,0,0,0,0,0,0,0,0,0,0,0,0,0,0,0,0,0,0,0,0,0,0,0,0,0,0,0,0,0,0,0,0,0,0,0,0,0,0,0,0,0,0,0,0,0,0,0,0,0,0,0,0,0,0,0,0,0,0,0,0,0,0,0,0,0,0,0,0,0,0,0,0,0,0,0,0,0,0,0,0,0,0,0,0,0,0,0,0,0,0,0,0,0,0,0,0,0,0,0,0,0,0,0,0,0,0,0,0,0,0,0,0,0,0,0,0,0,0,0,0,0,0,0,0,0,0,0,0,0,0,0,0,0,0,0,0,0,0,0,0,0,0,0,0,0,0,0,0,0,0,0,0,0,0,0,0,0,0,0,0,0,0,0,0,0,0,0,0,0,0,0,0,0,0,0,0,0,0,0,0,0,0,0,0,0,0,0,0,0,0,0,0,0,0,0,0,0,fearPolygon,Férfi,Male,139339.6907
4,2497,400,199,5121,165,363,1993,4476,1416,3090,1049,2132,131,0,2838,0,14,0,0,13,0,237,31,40,185,0,1077,2331,1188,597,0,7331,1,3039,50,329,76,6624,0,0,0,5,0,0,0,166,0,466,380,270,78,0,0,49,7,91,1291,1230,40,54,0,0,0,0,16,4873,0,0,0,0,0,0,0,0,0,0,166,1590,889,0,3414,0,0,0,450,0,0,0,0,0,20,545,0,0,0,119,0,0,968,754,1347,252,0,0,215,0,0,24,3379,0,0,1170,0,0,234,0,0,0,0,1154,202,264,33,420,66,228,269,74,14,6,21,36,36,28,12,2,0,0,0,0,0,0,0,0,0,0,0,0,0,0,0,0,0,0,0,0,0,0,0,0,0,0,0,0,0,0,0,0,0,0,0,0,0,0,0,0,0,0,0,0,0,0,0,0,0,0,0,0,0,0,0,0,0,0,0,0,0,0,0,0,0,0,0,0,0,0,0,0,0,0,0,0,0,0,0,0,0,0,0,0,0,0,0,0,0,0,0,0,0,0,0,0,0,0,0,0,0,0,0,0,0,0,0,0,0,0,0,0,0,0,0,0,0,0,0,0,0,0,0,0,0,0,0,0,0,0,0,0,0,0,0,0,0,0,0,0,0,0,0,0,0,0,0,0,0,0,0,0,0,0,0,0,0,0,0,0,0,0,0,0,0,0,0,0,0,0,0,0,0,0,0,0,0,0,0,0,0,0,0,fearPolygon,Férfi,Male,73101.04788
5,98,21,21,98,15,16,70,96,175,85,40,174,29,10,101,0,79,29,6,19,0,19,8,0,39,20,49,92,14,79,19,0,17,83,19,0,0,0,0,0,9,0,0,10,0,0,0,0,0,0,0,30,0,0,23,0,0,16,0,0,0,0,0,6,0,0,0,0,0,0,0,0,0,0,0,0,0,0,0,0,0,0,0,0,0,0,0,0,0,0,0,0,0,0,0,0,0,0,0,0,0,0,0,0,7,0,0,0,0,0,0,0,0,0,0,0,0,0,0,0,0,0,0,0,0,0,0,0,0,0,0,0,0,0,0,0,9,0,0,0,0,0,0,0,0,0,0,0,0,0,0,0,0,0,0,0,0,0,0,0,0,0,0,0,0,0,0,0,0,0,0,0,0,0,0,0,0,0,0,0,0,0,0,0,0,0,0,0,0,0,0,0,0,0,0,0,0,0,0,0,0,0,0,0,0,0,0,0,0,0,0,0,0,0,0,0,0,0,0,0,0,0,0,0,0,0,0,0,0,0,0,0,0,0,0,0,0,0,0,0,0,0,0,0,0,0,0,0,0,0,0,0,0,0,0,0,0,0,0,0,0,0,0,0,0,0,0,0,0,0,0,0,0,0,0,0,0,0,0,0,0,0,0,0,0,0,0,0,0,0,0,0,0,0,0,0,0,0,0,0,0,0,0,0,0,0,0,0,0,0,0,0,0,0,0,0,0,0,0,safePolygon,Férfi,Male,2224.337468
6,1459,243,89,3027,79,201,1454,2868,888,2065,724,1359,106,0,1834,0,46,0,0,16,0,182,0,43,145,0,608,1551,807,245,0,4890,0,2168,49,151,60,4644,0,0,0,0,0,0,0,41,0,369,219,168,60,0,0,33,10,82,784,877,19,22,0,0,0,0,10,3441,0,0,0,0,0,0,0,0,0,0,75,1053,514,0,2437,0,0,0,425,0,0,0,0,0,10,337,0,0,0,119,0,0,666,495,888,131,0,0,135,0,0,0,2327,0,0,752,0,0,165,0,0,0,0,869,97,219,40,218,0,151,157,56,26,0,0,51,27,0,24,0,0,0,0,0,0,0,0,0,0,0,0,0,0,0,0,0,0,0,0,0,0,0,0,0,0,0,0,0,0,0,0,0,0,0,0,0,0,0,0,0,0,0,0,0,0,0,0,0,0,0,0,0,0,0,0,0,0,0,0,0,0,0,0,0,0,0,0,0,0,0,0,0,0,0,0,0,0,0,0,0,0,0,0,0,0,0,0,0,0,0,0,0,0,0,0,0,0,0,0,0,0,0,0,0,0,0,0,0,0,0,0,0,0,0,0,0,0,0,0,0,0,0,0,0,0,0,0,0,0,0,0,0,0,0,0,0,0,0,0,0,0,0,0,0,0,0,0,0,0,0,0,0,0,0,0,0,0,0,0,0,0,0,0,0,0,0,0,0,0,0,0,0,0,0,0,0,0,0,0,0,0,0,0,safePolygon,Nő,Female,85777.14767
7,9694,2917,2513,12196,2134,2377,6704,10117,6063,7806,5367,8524,346,342,3329,234,1132,489,0,342,0,1073,48,150,1259,46,3461,4786,2972,1943,331,9452,59,6239,259,1025,242,11217,33,0,2,0,1,302,0,195,0,3159,884,254,257,125,9,487,1111,407,1712,2798,0,12,372,80,0,20,124,5612,0,168,0,0,0,0,0,0,0,0,572,5081,2238,0,3091,0,176,0,318,40,0,99,0,0,388,958,0,0,0,112,0,0,575,560,1462,225,99,0,1,0,0,181,1595,0,0,1080,0,0,458,0,0,0,0,724,239,235,12,675,0,38,89,0,0,6,0,4,0,0,0,0,99,64,176,55,1,17,18,60,25,2,16,1,25,3,25,0,0,0,0,0,0,0,0,0,0,0,0,0,0,0,0,0,0,0,0,0,0,0,0,0,0,0,0,0,0,0,0,0,0,0,0,0,0,0,0,0,0,0,0,0,0,0,0,0,0,0,0,0,0,0,0,0,0,0,0,0,0,0,0,0,0,0,0,0,0,0,0,0,0,0,0,0,0,0,0,0,0,0,0,0,0,0,0,0,0,0,0,0,0,0,0,0,0,0,0,0,0,0,0,0,0,0,0,0,0,0,0,0,0,0,0,0,0,0,0,0,0,0,0,0,0,0,0,0,0,0,0,0,0,0,0,0,0,0,0,0,0,0,0,0,0,0,0,0,0,0,0,0,0,0,0,0,0,0,0,0,0,0,0,0,0,0,0,safePolygon,Nő,Female,71798.6926
8,69628,28953,12894,82740,12018,20081,39389,64879,34906,42380,28028,42716,2434,1195,20570,0,5699,462,0,3012,0,14754,926,961,7730,1449,19119,33026,18032,12450,648,74790,1478,34698,1252,4295,502,75441,74,229,690,540,0,0,0,3006,0,19216,5985,607,995,0,3,2593,1648,3317,6987,15483,81,132,1176,0,0,0,5399,36467,0,1,0,0,0,0,0,0,0,129,1358,26516,14715,0,21002,0,0,1073,4109,142,0,150,0,0,3701,3396,0,0,0,645,419,0,2627,1803,3760,935,566,138,46,63,0,198,2970,0,466,5743,0,0,2958,0,0,0,0,2199,2549,3067,186,957,3,16,475,125,350,1409,0,0,268,4,0,0,0,148,406,0,36,0,0,0,0,0,0,0,0,314,0,173,41,157,107,4,70,55,13,12,24,98,1,1,293,93,92,71,381,46,336,95,1,2,0,0,0,0,0,0,0,0,0,0,0,0,0,0,0,0,0,0,0,0,0,0,0,0,0,0,0,0,0,0,0,0,0,0,0,0,0,0,0,0,0,0,0,0,0,0,0,0,0,0,0,0,0,0,0,0,0,0,0,0,0,0,0,0,0,0,0,0,0,0,0,0,0,0,0,0,0,0,0,0,0,0,0,0,0,0,0,0,0,0,0,0,0,0,0,0,0,0,0,0,0,0,0,0,0,0,0,0,0,0,0,0,0,0,0,0,0,0,0,0,0,0,0,0,0,0,0,0,0,0,0,0,0,0,0,0,0,0,0,0,0,0,0,0,0,safePolygon,Nő,Female,51247.32016
9,290,93,39,266,42,80,196,335,186,178,12,300,24,1,149,0,108,1,0,0,0,36,1,22,14,0,170,302,0,8,1,82,0,252,10,19,0,74,0,2,14,0,0,1,0,106,2,62,31,0,14,0,114,8,0,15,46,63,19,26,1,0,0,0,13,38,0,0,5,0,0,0,0,0,0,28,0,5,6,0,7,7,0,23,4,0,0,0,0,0,25,0,0,0,0,0,0,0,0,5,5,0,0,0,0,0,0,5,1,14,16,0,19,0,0,5,5,5,0,5,0,0,0,0,0,0,0,0,0,0,0,0,0,0,0,0,0,0,0,0,0,0,0,0,0,0,0,1,0,0,0,0,0,0,0,0,0,0,0,0,0,0,0,0,2,0,0,0,0,0,0,0,0,0,7,19,0,0,0,0,0,0,0,0,0,0,0,0,0,0,0,0,0,0,0,0,0,0,0,0,0,0,0,0,0,0,0,0,0,0,0,0,0,0,0,0,0,0,0,0,0,0,0,0,0,0,0,0,0,0,0,0,0,0,0,0,0,0,0,0,0,0,0,0,0,0,0,0,0,0,0,0,0,0,0,0,0,0,0,0,0,0,0,0,0,0,0,0,0,0,0,0,0,0,0,0,0,0,0,0,0,0,0,0,0,0,0,0,0,0,0,0,0,0,0,0,0,0,0,0,0,0,0,0,0,0,0,0,0,0,0,0,0,0,0,0,0,0,0,safePolygon,Nő,Female,1174.917763
10,3017,329,176,4445,91,262,1579,2645,932,1633,1334,1514,19,0,804,0,0,0,0,8,0,254,3,32,178,0,295,1502,997,650,0,3896,1,1172,21,126,8,4799,0,0,1,0,0,0,0,81,0,366,493,12,21,0,0,0,15,8,203,351,0,25,6,0,0,0,138,2050,0,0,0,0,0,0,0,0,0,0,294,2780,918,0,2283,0,0,0,310,0,0,0,0,0,20,301,0,0,0,1,0,0,313,344,494,261,0,39,1,0,0,0,2197,0,26,1057,0,0,65,0,0,0,0,586,119,152,1,104,39,46,33,7,44,22,9,28,45,0,6,1,0,25,273,0,0,0,0,0,0,0,40,0,0,0,0,0,0,0,0,0,0,0,0,0,0,5,0,0,0,0,0,0,0,0,0,0,0,0,0,0,26,1,12,20,42,1,17,0,0,0,0,0,0,0,0,0,0,0,0,0,0,0,0,0,0,0,0,0,0,0,0,0,0,0,0,0,0,0,0,0,0,0,0,0,0,0,0,0,0,0,0,0,0,0,0,0,0,0,0,0,0,0,0,0,0,0,0,0,0,0,0,0,0,0,0,0,0,0,0,0,0,0,0,0,0,0,0,0,0,0,0,0,0,0,0,0,0,0,0,0,0,0,0,0,0,0,0,0,0,0,0,0,0,0,0,0,0,0,0,0,0,0,0,0,0,0,0,0,0,0,0,0,0,0,0,0,0,0,0,0,0,0,0,safePolygon,Nő,Female,3437.749392
11,17645,12676,8973,39762,6781,11212,13592,30882,10445,16785,10116,20701,2868,229,17513,17,2668,223,34,556,0,5308,852,742,4506,415,6923,18161,3346,10406,28,26988,64,26449,1359,3404,1159,30733,37,2,0,49,85,43,0,1770,0,6535,2584,2221,409,0,64,1037,1881,2149,5066,2454,0,418,524,0,0,136,1252,14779,0,3,0,0,0,0,0,0,0,236,66,11314,7164,0,7131,0,0,246,2325,82,872,43,0,0,1232,6522,97,0,0,1326,99,0,398,647,2418,3336,0,0,47,0,73,0,8442,0,99,12120,0,0,1441,0,0,0,0,4633,536,60,60,541,270,0,251,0,0,0,0,0,0,0,0,0,0,0,430,66,0,1,137,0,0,0,2284,0,23,62,0,1,0,0,3609,0,82,0,0,0,0,39,0,37,77,0,0,0,0,0,0,0,0,0,7,0,0,0,1,0,0,0,18,38,420,836,173,65,1,12,19,31,251,35,78,71,0,0,0,0,0,0,0,0,0,0,0,0,0,0,0,0,0,0,0,0,0,0,0,0,0,0,0,0,0,0,0,0,0,0,0,0,0,0,0,0,0,0,0,0,0,0,0,0,0,0,0,0,0,0,0,0,0,0,0,0,0,0,0,0,0,0,0,0,0,0,0,0,0,0,0,0,0,0,0,0,0,0,0,0,0,0,0,0,0,0,0,0,0,0,0,0,0,0,0,0,0,0,0,0,0,0,0,0,0,0,0,0,0,0,0,0,0,0,0,0,0,0,0,safePolygon,Nő,Female,904.7408178
12,1230,2085,1325,2266,1237,1864,1747,2260,1405,1450,915,2095,438,0,520,0,39,0,0,0,0,1027,163,309,105,75,823,1049,21,222,0,2452,25,979,38,167,203,2791,30,4,9,29,0,2,0,42,0,951,231,74,83,0,28,462,1,565,297,432,15,59,82,0,0,0,221,741,0,0,0,0,0,0,0,0,0,1,22,386,497,0,414,0,0,84,37,0,27,38,0,0,48,455,0,0,9,34,0,0,168,75,299,13,56,19,15,0,30,2,273,0,2,95,0,0,53,15,0,0,0,197,18,1,1,0,2,0,8,0,12,0,0,0,0,0,0,0,0,0,0,3,0,0,0,0,0,0,0,0,0,11,0,0,20,0,0,0,0,0,0,0,0,6,0,0,11,0,0,0,0,0,0,0,8,0,0,0,0,0,0,0,0,0,0,0,0,0,0,0,0,0,0,0,0,0,0,0,10,10,5,6,1,0,0,0,0,0,0,0,0,0,0,0,0,0,0,0,0,0,0,0,0,0,0,0,0,0,0,0,0,0,0,0,0,0,0,0,0,0,0,0,0,0,0,0,0,0,0,0,0,0,0,0,0,0,0,0,0,0,0,0,0,0,0,0,0,0,0,0,0,0,0,0,0,0,0,0,0,0,0,0,0,0,0,0,0,0,0,0,0,0,0,0,0,0,0,0,0,0,0,0,0,0,0,0,0,0,0,0,0,0,0,0,0,0,0,0,0,0,0,fearPolygon,Nő,Female,51262.97283
13,1807,1077,911,1624,857,957,845,1506,1426,867,364,1680,384,52,654,0,395,6,2,129,0,802,65,288,102,79,688,831,119,159,38,812,42,637,28,99,99,652,14,77,121,0,0,6,0,82,10,380,134,34,22,9,133,236,13,269,205,264,12,21,17,5,0,0,25,199,22,1,13,0,21,1,0,0,0,33,0,147,99,0,164,13,0,40,39,16,3,14,6,29,72,53,0,0,4,0,2,0,39,13,62,14,0,0,16,0,0,19,55,12,68,33,12,2,25,13,13,13,6,18,8,0,0,0,0,0,0,0,0,0,0,0,0,0,0,0,2,0,0,0,18,0,0,3,0,0,0,2,0,0,0,0,0,0,0,0,0,0,0,0,0,0,0,0,0,0,0,0,0,0,0,0,8,0,12,0,0,0,0,0,0,0,0,9,0,0,0,0,0,0,0,0,0,0,0,0,0,0,0,0,0,24,1,22,1,14,7,3,0,0,0,0,0,0,0,0,0,0,0,0,0,0,0,0,0,0,0,0,0,0,0,0,0,0,0,0,0,0,0,0,0,0,0,0,0,0,0,0,0,0,0,0,0,0,0,0,0,0,0,0,0,0,0,0,0,0,0,0,0,0,0,0,0,0,0,0,0,0,0,0,0,0,0,0,0,0,0,0,0,0,0,0,0,0,0,0,0,0,0,0,0,0,0,0,0,0,0,0,0,0,0,0,0,0,0,0,0,0,0,fearPolygon,Férfi,Male,4143.206802
14,164,106,75,176,75,83,68,138,114,69,95,156,12,2,42,6,13,9,0,2,0,53,0,17,40,0,29,129,32,14,7,176,0,64,6,8,1,180,0,0,0,0,0,0,0,0,0,0,14,1,7,6,0,21,8,18,30,13,0,9,0,0,0,0,5,94,0,0,0,0,0,0,0,0,0,0,5,67,21,0,57,0,0,0,19,0,0,0,0,0,3,9,0,0,0,0,9,0,31,0,18,0,0,0,0,0,0,0,58,0,0,26,0,0,15,0,0,0,0,21,2,0,0,0,0,0,0,0,0,0,0,0,2,0,0,0,0,0,0,0,0,0,0,0,0,0,0,0,0,0,0,0,0,0,0,0,0,0,0,0,0,0,0,0,0,0,0,0,0,0,0,0,0,0,0,0,0,0,0,0,0,0,0,0,0,0,0,0,0,0,0,0,0,0,0,0,0,0,0,0,0,0,0,0,0,0,0,0,10,0,0,0,0,0,0,0,0,0,0,0,0,0,0,0,0,0,0,0,0,0,0,0,0,0,0,0,0,0,0,0,0,0,0,0,0,0,0,0,0,0,0,0,0,0,0,0,0,0,0,0,0,0,0,0,0,0,0,0,0,0,0,0,0,0,0,0,0,0,0,0,0,0,0,0,0,0,0,0,0,0,0,0,0,0,0,0,0,0,0,0,0,0,0,0,0,0,0,0,0,0,0,0,0,0,0,0,0,0,0,safePolygon,Férfi,Male,62264.2456
15,75,140,108,419,89,120,151,403,372,275,203,409,15,4,229,0,22,14,0,12,0,61,9,32,26,0,27,298,65,65,16,560,0,343,0,56,10,518,22,0,0,0,0,1,0,0,0,127,12,0,0,0,0,0,34,0,110,12,0,0,11,0,0,0,0,376,0,0,0,0,0,0,0,0,0,0,0,134,211,0,352,0,0,1,140,0,0,0,0,0,29,20,0,0,0,13,0,0,17,0,59,23,0,0,4,0,1,0,35,0,0,29,0,0,0,0,0,0,0,48,35,0,0,40,0,0,13,0,0,0,0,0,0,12,0,0,0,0,0,0,0,0,0,0,0,0,0,0,0,0,0,0,22,0,0,0,0,0,0,0,0,0,0,0,0,0,0,0,0,0,0,0,0,0,0,0,0,0,0,0,0,0,0,0,0,0,0,0,0,0,0,0,0,0,0,0,0,0,0,0,0,0,0,0,0,0,0,0,0,1,0,0,0,0,0,0,0,0,0,0,0,0,0,0,0,0,0,0,0,0,0,0,0,0,0,0,0,0,0,0,0,0,0,0,0,0,0,0,0,0,0,0,0,0,0,0,0,0,0,0,0,0,0,0,0,0,0,0,0,0,0,0,0,0,0,0,0,0,0,0,0,0,0,0,0,0,0,0,0,0,0,0,0,0,0,0,0,0,0,0,0,0,0,0,0,0,0,0,0,0,0,0,0,0,0,0,0,0,0,safePolygon,Nő,Female,1456.907129
16,55,44,16,48,18,33,11,76,81,38,28,86,28,11,24,0,26,3,0,26,0,36,0,0,18,5,6,62,8,23,5,36,5,45,0,8,3,36,0,0,0,0,2,0,0,0,0,3,6,0,0,0,0,0,6,3,9,0,0,1,3,0,0,8,1,35,0,0,0,0,0,0,0,0,0,0,1,19,22,0,16,0,0,0,0,0,0,0,0,0,1,0,0,0,0,0,0,0,0,0,19,0,0,0,7,0,0,0,0,0,0,0,0,0,0,0,0,0,0,0,0,0,0,0,0,0,0,0,0,0,0,0,0,0,0,0,0,0,0,0,0,0,5,0,0,0,0,0,0,0,0,0,0,0,0,0,0,0,0,0,0,0,0,0,0,0,0,0,0,0,0,0,0,0,5,0,0,0,0,0,0,0,0,0,0,0,0,0,0,0,0,0,0,0,0,0,0,0,0,0,0,0,0,0,0,0,0,0,0,0,0,0,0,0,0,0,0,0,0,0,0,0,0,0,0,0,0,0,0,0,0,0,0,0,0,0,0,0,0,0,0,0,0,0,0,0,0,0,0,0,0,0,0,0,0,0,0,0,0,0,0,0,0,0,0,0,0,0,0,0,0,0,0,0,0,0,0,0,0,0,0,0,0,0,0,0,0,0,0,0,0,0,0,0,0,0,0,0,0,0,0,0,0,0,0,0,0,0,0,0,0,0,0,0,0,0,0,0,0,fearPolygon,Nő,Female,53880.64152
17,48,30,14,47,20,24,43,49,51,28,4,59,6,2,23,0,14,1,0,1,0,10,2,9,7,0,19,39,0,0,2,8,0,26,1,3,2,6,3,1,3,0,0,0,0,11,1,13,1,0,6,1,14,4,0,8,12,8,6,3,0,0,0,0,0,0,0,0,0,0,0,0,0,0,0,0,0,0,0,0,0,2,0,6,0,0,0,0,0,0,2,0,0,0,0,0,0,0,0,0,0,0,0,0,0,0,0,0,0,6,5,0,1,0,0,0,0,0,0,0,0,0,0,0,0,0,0,0,0,0,0,0,0,0,0,0,0,0,0,0,0,0,0,0,0,0,0,0,0,0,0,0,0,0,0,0,0,0,0,0,0,0,0,0,0,0,0,0,0,0,0,0,0,0,2,0,0,0,0,0,0,0,0,0,0,0,0,0,0,0,0,0,0,0,0,0,0,0,0,0,0,0,0,0,0,3,0,0,0,0,0,0,0,0,0,0,0,0,0,0,0,0,0,0,0,0,0,0,0,0,0,0,0,0,0,0,0,0,0,0,0,0,0,0,0,0,0,0,0,0,0,0,0,0,0,0,0,0,0,0,0,0,0,0,0,0,0,0,0,0,0,0,0,0,0,0,0,0,0,0,0,0,0,0,0,0,0,0,0,0,0,0,0,0,0,0,0,0,0,0,0,0,0,0,0,0,0,0,0,0,0,0,0,0,0,0,0,0,0,fearPolygon,Férfi,Male,223786.231
18,177,58,21,176,34,31,127,200,133,114,9,187,1,0,91,0,52,0,0,0,0,11,0,13,11,0,88,185,0,15,0,33,0,151,0,14,3,23,9,0,9,0,0,11,0,43,0,68,14,0,11,0,46,3,0,11,37,41,11,9,0,0,0,0,1,7,0,0,0,0,0,0,0,0,0,6,0,1,0,0,0,3,0,29,4,0,1,0,0,0,9,0,0,0,0,0,0,0,0,0,0,0,0,0,0,0,3,0,0,11,16,0,9,0,0,0,0,0,0,0,0,0,0,0,0,0,0,0,0,0,0,0,0,0,0,0,0,0,0,0,0,0,0,0,0,0,0,0,0,0,0,0,0,0,0,0,0,0,0,0,0,0,0,0,0,0,0,0,0,0,0,0,0,0,3,0,0,0,0,0,0,0,0,0,0,0,0,0,0,0,0,0,0,0,0,0,0,0,0,0,0,0,0,0,0,3,0,0,0,0,3,0,0,0,0,0,0,0,0,0,0,0,0,0,0,0,0,0,0,0,0,0,0,0,0,0,0,0,0,0,0,0,0,0,0,0,0,0,0,0,0,0,0,0,0,0,0,0,0,0,0,0,0,0,0,0,0,0,0,0,0,0,0,0,0,0,0,0,0,0,0,0,0,0,0,0,0,0,0,0,0,0,0,0,0,0,0,0,0,0,0,0,0,0,0,0,0,0,0,0,0,0,0,0,0,0,0,0,0,fearPolygon,Férfi,Male,3919.816224
19,4602,640,335,6733,281,594,2541,5425,2028,3857,1503,2700,165,0,3377,21,64,3,0,33,0,368,40,44,246,0,1606,2763,1546,635,3,8792,3,3782,96,341,76,7986,0,0,0,7,0,0,0,170,0,683,674,186,114,0,0,65,40,166,1242,1330,44,31,5,0,0,0,47,5683,0,0,0,0,0,0,0,0,0,0,155,1953,1138,0,4199,0,0,0,581,0,0,0,0,0,54,634,0,0,0,54,0,0,1184,891,1389,223,0,0,216,0,9,21,3804,0,0,1735,0,0,276,0,0,0,0,1802,182,311,43,410,28,140,233,50,15,9,15,35,22,15,16,0,0,0,11,0,0,0,0,0,0,0,0,0,0,19,0,0,0,0,0,0,1,0,0,0,0,0,0,0,0,0,0,0,0,0,0,1,0,0,0,0,0,0,0,0,0,0,0,0,0,0,0,0,0,0,0,0,0,0,0,0,0,0,0,0,0,0,0,0,0,0,0,0,0,0,0,0,0,0,0,0,0,0,0,0,0,0,0,0,0,0,0,0,0,0,0,0,0,0,0,0,0,0,0,0,0,0,0,0,0,0,0,0,0,0,0,0,0,0,0,0,0,0,0,0,0,0,0,0,0,0,0,0,0,0,0,0,0,0,0,0,0,0,0,0,0,0,0,0,0,0,0,0,0,0,0,0,0,0,0,0,0,0,0,0,0,0,0,0,0,0,0,0,0,0,0,0,0,0,0,0,0,0,0,fearPolygon,Férfi,Male,13043.54044
20,144,319,248,1092,161,306,118,899,427,136,505,898,146,29,586,0,156,0,0,60,0,169,41,0,126,5,148,859,117,54,0,1246,0,1143,10,187,5,1443,4,0,0,0,0,0,0,7,0,145,12,173,1,0,0,19,64,36,249,0,0,2,0,0,0,0,6,866,0,0,0,0,0,0,0,0,0,0,53,420,376,0,421,0,0,0,319,0,33,0,0,0,85,278,0,0,0,71,5,0,31,31,233,36,0,0,0,0,0,0,519,0,0,239,0,0,55,0,0,0,0,242,0,0,0,47,0,0,0,0,0,0,0,0,5,1,0,0,0,0,0,0,0,0,26,0,0,0,18,0,0,0,0,0,0,0,0,0,0,0,0,0,0,0,0,0,16,0,0,0,0,0,0,0,0,0,0,0,0,0,0,0,0,0,0,0,0,33,3,0,0,0,0,0,0,0,0,1,0,0,0,1,0,0,0,0,0,0,0,0,0,0,0,25,0,0,0,0,0,0,0,0,0,0,0,0,0,0,0,0,0,0,0,0,0,0,0,0,0,0,0,0,0,0,0,0,0,0,0,0,0,0,0,0,0,0,0,0,0,0,0,0,0,0,0,0,0,0,0,0,0,0,0,0,0,0,0,0,0,0,0,0,0,0,0,0,0,0,0,0,0,0,0,0,0,0,0,0,0,0,0,0,0,0,0,0,0,0,0,0,0,0,0,0,0,0,0,0,0,0,0,fearPolygon,Férfi,Male,43285.16019
21,3258,990,813,3457,717,767,1506,2729,2628,2105,1524,3276,156,322,1457,149,576,441,0,235,0,246,20,84,435,0,814,1891,782,629,145,2535,2,2207,57,421,108,2694,1,0,1,0,0,173,0,68,0,524,68,17,228,105,0,216,468,129,517,477,0,0,185,43,0,0,2,2017,0,119,0,0,0,0,0,0,0,0,156,1208,583,0,922,0,164,0,181,48,0,25,0,0,139,299,0,0,0,0,0,0,188,128,325,22,0,0,0,0,0,0,317,0,0,333,0,0,193,0,0,0,0,268,148,0,0,323,0,0,0,0,0,0,0,0,0,1,0,0,2,17,21,32,0,0,45,95,38,2,0,0,23,0,0,0,0,0,0,0,0,0,0,0,0,0,0,0,0,0,0,0,0,0,0,0,0,0,0,0,0,0,0,0,0,0,0,0,0,0,0,0,0,0,0,0,0,0,0,0,0,0,0,0,0,0,0,0,0,0,0,0,0,0,0,0,0,0,0,0,0,0,0,0,0,0,0,0,0,0,0,0,0,0,0,0,0,0,0,0,0,0,0,0,0,0,0,0,0,0,0,0,0,0,0,0,0,0,0,0,0,0,0,0,0,0,0,0,0,0,0,0,0,0,0,0,0,0,0,0,0,0,0,0,0,0,0,0,0,0,0,0,0,0,0,0,0,0,0,0,0,0,0,0,0,0,0,0,0,0,0,0,0,0,0,0,0,0,0,0,0,0,0,safePolygon,Férfi,Male,339391.8536
22,641,912,712,838,598,847,434,704,305,269,136,515,197,0,284,0,83,0,0,0,0,396,4,162,49,1,265,354,99,36,0,679,19,367,10,87,119,884,0,15,0,0,0,0,0,69,0,311,59,19,0,0,0,193,0,357,44,23,1,12,45,0,0,0,116,93,0,0,0,0,0,0,0,0,0,0,0,110,118,0,29,0,0,6,0,0,0,0,0,0,35,49,0,0,0,0,0,0,11,0,91,0,0,0,0,0,0,0,0,0,0,0,0,0,20,0,0,0,0,0,0,0,0,0,0,0,0,0,0,0,0,0,0,0,0,0,0,0,0,0,18,0,0,0,0,0,0,0,0,0,0,0,0,0,0,0,0,0,0,0,0,0,0,0,9,0,0,0,0,0,0,0,0,0,0,0,0,0,0,0,0,0,0,0,0,0,0,0,0,0,0,0,0,0,0,0,0,0,0,46,0,0,0,0,0,0,0,0,0,0,0,0,5,0,0,0,0,0,0,0,0,0,0,0,0,0,0,0,0,0,0,0,0,0,0,0,0,0,0,0,0,0,0,0,0,0,0,0,0,0,0,0,0,0,0,0,0,0,0,0,0,0,0,0,0,0,0,0,0,0,0,0,0,0,0,0,0,0,0,0,0,0,0,0,0,0,0,0,0,0,0,0,0,0,0,0,0,0,0,0,0,0,0,0,0,0,0,0,0,0,0,0,0,0,0,0,0,0,0,safePolygon,Nő,Female,183478.8325
23,2460,1889,1287,3652,1070,1804,1750,3378,1859,1836,955,2711,267,33,1204,17,329,51,8,65,0,914,97,148,97,53,1282,1976,178,727,55,4148,14,2500,46,501,203,4040,18,24,6,26,9,0,0,162,0,1036,322,188,105,0,33,238,81,403,295,763,0,79,226,0,0,14,269,1621,1,0,0,0,0,0,0,0,0,28,65,552,713,0,808,9,0,184,360,2,98,13,0,0,253,512,0,0,0,96,3,0,51,46,722,55,0,0,3,0,7,20,458,0,19,78,0,0,296,0,0,0,0,264,124,15,0,49,12,12,4,0,38,0,0,0,3,0,0,0,0,0,0,0,0,17,0,0,0,0,0,0,89,14,0,0,10,0,0,1,0,0,0,0,0,0,15,11,0,0,0,0,0,0,0,0,24,0,0,0,0,0,0,1,0,0,0,15,0,0,0,0,0,0,0,0,0,0,0,0,0,0,0,28,24,0,0,0,0,0,0,0,0,0,0,0,0,9,16,5,25,25,16,0,0,0,0,0,0,0,0,0,0,0,0,0,0,0,0,0,0,0,0,0,0,0,0,0,0,0,0,0,0,0,0,0,0,0,0,0,0,0,0,0,0,0,0,0,0,0,0,0,0,0,0,0,0,0,0,0,0,0,0,0,0,0,0,0,0,0,0,0,0,0,0,0,0,0,0,0,0,0,0,0,0,0,0,0,0,0,0,0,0,0,0,0,0,0,0,0,0,0,0,fearPolygon,Nő,Female,199061.0721
24,125,273,137,412,82,313,128,319,243,208,149,336,100,0,134,0,19,0,0,1,0,297,16,24,27,37,107,168,26,49,0,573,0,261,3,53,10,647,0,0,0,0,0,0,0,1,0,74,23,4,51,0,0,50,12,38,69,3,0,0,6,0,0,0,31,284,0,0,0,0,0,0,0,0,0,0,16,112,96,0,206,0,0,0,24,0,2,0,0,0,4,70,0,0,0,21,6,0,4,34,111,9,0,0,0,0,0,0,166,0,0,25,0,0,81,0,0,0,0,59,23,0,0,15,0,0,0,0,0,0,0,0,0,0,0,0,0,0,0,0,0,0,1,0,0,0,0,0,0,0,0,0,0,0,0,0,0,0,0,0,0,0,0,0,0,0,0,0,0,0,0,0,0,0,0,0,0,0,0,0,0,0,0,0,0,0,0,0,0,0,0,0,0,0,0,0,0,0,0,0,0,0,0,0,0,0,0,0,0,0,0,0,0,0,0,0,0,0,0,12,0,0,0,0,0,0,0,0,0,0,0,0,0,0,0,0,0,0,0,0,0,0,0,0,0,0,0,0,0,0,0,0,0,0,0,0,0,0,0,0,0,0,0,0,0,0,0,0,0,0,0,0,0,0,0,0,0,0,0,0,0,0,0,0,0,0,0,0,0,0,0,0,0,0,0,0,0,0,0,0,0,0,0,0,0,0,0,0,0,0,0,0,0,0,0,0,0,0,0,fearPolygon,Férfi,Male,129166.264
25,247,93,33,246,56,56,183,272,191,161,17,265,5,1,120,0,66,0,0,1,0,24,1,21,23,0,108,252,0,15,1,44,0,193,0,14,2,35,11,1,11,0,0,13,0,58,1,89,19,0,21,1,69,6,0,22,54,58,21,11,0,0,0,0,1,7,0,0,0,0,0,0,0,0,0,5,0,1,0,0,0,2,0,35,3,0,5,0,0,0,15,0,0,0,0,0,0,0,0,0,0,0,0,0,0,0,2,0,0,21,19,0,15,0,0,0,0,0,0,0,0,0,0,0,0,0,0,0,0,0,0,0,0,0,0,0,0,0,0,0,0,0,0,0,0,0,0,0,0,0,0,0,0,0,0,0,0,0,0,0,0,0,0,0,0,0,0,0,0,0,0,0,0,0,2,0,0,0,0,0,0,0,0,0,0,0,0,0,0,0,0,0,0,0,0,0,0,0,0,0,0,0,0,0,0,3,0,0,0,0,2,0,0,0,0,0,0,0,0,0,0,0,0,0,0,0,0,0,0,0,0,0,0,0,0,0,0,0,0,0,0,0,0,0,0,0,0,0,0,0,0,0,0,0,0,0,0,0,0,0,0,0,0,0,0,0,0,0,0,0,0,0,0,0,0,0,0,0,0,0,0,0,0,0,0,0,0,0,0,0,0,0,0,0,0,0,0,0,0,0,0,0,0,0,0,0,0,0,0,0,0,0,0,0,0,0,0,0,0,fearPolygon,Férfi,Male,8539.015311
26,597,251,213,637,198,312,440,460,254,388,102,255,0,0,49,0,85,0,0,74,0,263,20,12,4,0,229,191,37,98,0,400,0,216,5,13,4,283,0,0,12,0,0,0,0,18,0,56,158,86,0,0,0,68,0,75,56,86,0,0,13,0,0,0,30,60,0,0,0,0,0,0,0,0,0,0,0,15,28,0,54,0,0,0,0,0,0,0,0,0,74,38,0,0,0,0,0,0,12,12,15,12,90,16,18,18,0,0,0,0,0,0,0,0,0,0,0,0,0,0,0,0,0,0,0,0,0,0,0,0,0,0,0,1,0,0,19,0,0,0,0,0,0,0,0,0,0,0,0,0,0,0,0,0,0,0,0,0,0,0,0,0,0,0,0,0,0,0,0,0,0,0,0,0,0,0,0,0,0,0,0,0,0,0,0,0,0,0,0,0,0,0,0,0,0,0,0,0,0,0,0,0,0,0,0,0,0,0,0,0,0,0,0,0,0,0,0,0,0,0,0,0,0,0,0,0,0,0,0,0,0,0,0,0,0,0,0,0,0,0,0,0,0,0,0,0,0,0,0,0,0,0,0,0,0,0,0,0,0,0,0,0,0,0,0,0,0,0,0,0,0,0,0,0,0,0,0,0,0,0,0,0,0,0,0,0,0,0,0,0,0,0,0,0,0,0,0,0,0,0,0,0,0,0,0,0,0,0,0,0,0,0,0,0,0,0,0,0,0,fearPolygon,Férfi,Male,19300.70823
27,350,131,51,753,40,153,474,873,329,514,101,398,50,0,318,0,19,0,0,0,0,132,0,5,18,0,332,386,79,249,0,972,22,530,0,140,12,710,0,0,0,16,0,16,0,156,0,125,125,5,17,0,0,5,0,17,109,291,0,2,52,0,0,0,32,312,0,0,0,0,0,0,0,0,0,3,0,57,67,0,101,0,0,75,54,0,0,1,0,0,30,197,0,0,0,34,0,0,0,0,133,0,0,0,0,0,0,0,35,0,0,0,0,0,22,0,0,0,0,30,27,0,0,0,0,0,0,0,0,0,0,0,0,0,0,0,0,0,0,0,0,0,0,0,0,0,0,0,9,0,0,0,0,0,0,0,0,0,0,0,0,0,26,0,0,0,0,0,0,0,0,0,0,0,0,0,0,0,0,1,0,0,0,0,0,0,0,0,0,0,0,0,0,0,0,0,0,0,0,0,0,0,0,0,0,0,0,0,0,0,0,0,0,0,0,0,0,0,0,2,5,0,0,0,0,0,0,0,0,0,0,0,0,0,0,0,0,0,0,0,0,0,0,0,0,0,0,0,0,0,0,0,0,0,0,0,0,0,0,0,0,0,0,0,0,0,0,0,0,0,0,0,0,0,0,0,0,0,0,0,0,0,0,0,0,0,0,0,0,0,0,0,0,0,0,0,0,0,0,0,0,0,0,0,0,0,0,0,0,0,0,0,0,0,0,0,0,0,0,safePolygon,Férfi,Male,4106.518501
28,387,57,18,1567,12,56,891,1868,331,1233,220,510,50,0,1180,0,6,0,0,0,0,45,0,30,52,0,323,880,300,314,0,2693,1,1111,35,105,30,2371,0,0,0,0,0,0,0,30,0,250,127,122,53,0,0,0,0,30,426,616,13,15,0,0,0,0,0,1951,0,0,0,0,0,0,0,0,0,0,77,479,315,0,1257,0,0,0,207,0,0,0,0,0,0,203,0,0,0,60,0,0,367,258,701,95,0,0,97,0,0,27,1194,0,0,285,0,0,104,0,0,0,0,326,58,96,0,168,23,132,99,39,25,1,5,8,5,6,3,0,0,0,0,0,0,0,0,0,0,0,0,0,0,0,0,0,0,0,0,0,0,0,0,0,0,0,0,0,0,0,0,0,0,0,0,0,0,0,0,0,0,0,0,0,0,0,1,0,0,0,0,0,0,0,0,0,0,0,0,0,0,0,0,0,0,0,0,0,0,0,0,0,0,0,0,0,0,0,0,0,0,0,0,0,0,0,0,0,0,0,0,0,0,0,0,0,0,0,0,0,0,0,0,0,0,0,0,0,0,0,0,0,0,0,0,0,0,0,0,0,0,0,0,0,0,0,0,0,0,0,0,0,0,0,0,0,0,0,0,0,0,0,0,0,0,0,0,0,0,0,0,0,0,0,0,0,0,0,0,0,0,0,0,0,0,0,0,0,0,0,0,0,0,0,0,0,0,0,0,0,0,0,0,fearPolygon,Férfi,Male,42769.97971
29,16507,7477,3578,18360,3402,5271,9642,14742,7894,9749,6996,9776,451,429,3538,0,1451,122,0,993,0,3761,238,270,1797,278,3443,7347,3608,2535,224,16833,443,6452,105,765,229,18249,18,76,204,43,0,0,0,804,0,5637,1258,196,223,0,0,844,641,1073,1572,3079,0,0,133,0,0,0,1470,7106,0,0,0,0,0,0,0,0,0,0,355,5525,2740,0,4098,0,0,142,472,14,0,50,0,0,905,623,1,0,0,244,28,0,409,443,865,74,243,0,15,12,0,91,397,0,8,994,0,0,650,0,0,0,0,147,159,192,14,89,0,0,23,0,3,252,0,0,30,0,0,0,0,3,155,0,18,0,0,0,0,0,0,0,0,67,0,0,0,26,21,0,46,34,16,16,42,57,0,0,101,26,26,62,119,0,14,1,0,0,0,0,0,0,0,0,0,0,0,0,0,0,0,0,0,0,0,0,0,0,0,0,0,0,0,0,0,0,0,0,0,0,0,0,0,0,0,0,0,0,0,0,0,0,0,0,0,1,0,0,0,0,0,0,0,0,0,0,0,0,0,0,0,0,0,0,0,0,0,0,0,0,0,0,0,0,0,0,0,0,0,0,0,0,0,0,0,0,0,0,0,0,0,0,0,0,0,0,0,0,0,0,0,0,0,0,0,0,0,0,0,0,0,0,0,0,0,0,0,0,0,0,0,0,0,0,0,0,0,0,0,0,0,0,0,0,0,0,0,0,0,0,0,0,0,safePolygon,Férfi,Male,1973.695679
30,3454,8438,6700,11087,6051,7661,5944,10773,4600,5631,3713,9022,2320,60,3257,7,708,113,5,145,0,4581,829,917,1245,133,2963,8667,523,1708,17,12305,61,6100,447,746,794,13248,19,45,0,14,0,9,0,212,0,3198,889,845,221,0,59,2238,297,2724,1598,1364,30,250,100,0,0,56,315,4781,0,0,0,0,0,0,0,0,0,51,218,2466,2307,0,3110,22,0,41,910,0,339,51,0,0,452,2126,69,0,0,407,58,0,250,228,1548,159,15,21,9,0,50,3,1319,0,26,490,0,0,521,0,0,0,0,579,220,124,0,212,36,30,159,0,24,0,0,1,6,13,0,0,3,0,0,0,6,5,17,0,0,0,11,0,63,11,0,0,0,0,0,0,0,0,0,0,0,6,0,0,117,0,0,0,0,0,0,0,5,0,0,2,0,0,0,0,0,0,1,0,0,177,43,0,0,8,0,0,0,0,0,3,0,0,0,12,5,0,0,0,0,0,0,0,0,0,0,22,22,0,0,0,0,0,13,0,0,0,7,7,9,11,7,0,0,0,0,0,0,0,0,0,0,0,0,0,0,0,0,0,0,0,0,0,0,0,0,0,0,0,0,0,0,0,0,0,0,0,0,0,0,0,0,0,0,0,0,0,0,0,0,0,0,0,0,0,0,0,0,0,0,0,0,0,0,0,0,0,0,0,0,0,0,0,0,0,0,0,0,0,0,0,0,0,0,0,0,0,0,0,0,0,0,0,0,safePolygon,Férfi,Male,10471.53422
31,518,362,175,517,170,309,545,699,519,437,226,607,106,0,92,0,139,0,0,0,0,231,23,15,14,15,432,549,131,84,0,638,11,374,5,55,17,620,10,18,11,0,0,1,0,63,5,293,75,10,54,0,65,35,0,60,95,202,22,72,16,0,0,0,95,245,14,0,0,0,0,0,0,0,0,1,0,85,132,9,80,0,0,0,1,0,0,0,0,0,46,23,9,0,5,0,0,0,28,14,65,0,0,33,0,0,13,32,1,0,0,0,0,0,30,18,0,0,0,15,0,0,0,0,0,0,0,0,0,0,0,0,0,0,0,0,0,0,0,0,0,0,0,0,0,0,0,14,0,0,0,0,0,0,0,0,0,0,0,0,0,0,0,0,0,0,0,0,0,0,0,0,0,0,0,0,0,0,0,0,0,0,0,0,0,0,0,0,0,0,0,0,0,0,0,0,0,0,0,15,0,0,0,0,0,35,0,13,15,0,0,0,0,0,0,0,0,0,0,0,0,0,0,0,0,0,0,11,1,0,0,0,0,0,0,0,0,0,0,0,0,0,0,0,0,0,0,0,0,0,0,0,0,0,0,0,0,0,0,0,0,0,0,0,0,0,0,0,0,0,0,0,0,0,0,0,0,0,0,0,0,0,0,0,0,0,0,0,0,0,0,0,0,0,0,0,0,0,0,0,0,0,0,0,0,0,0,0,0,0,0,0,0,0,0,0,0,0,0,fearPolygon,Férfi,Male,24500.8127
32,1926,717,492,1843,477,642,732,1617,61,922,119,267,104,0,1152,0,267,17,0,7,0,350,131,16,0,77,518,516,5,393,0,1276,70,1475,142,610,21,1355,154,141,50,82,25,160,0,154,0,282,119,116,0,0,0,68,9,42,6,79,0,0,343,0,0,0,135,553,0,65,0,0,0,0,0,0,0,72,0,336,332,0,412,0,0,234,111,0,0,0,0,0,0,78,102,16,0,0,0,0,45,24,28,5,0,0,0,0,0,0,192,0,116,262,0,0,0,0,0,0,0,56,0,0,0,26,0,0,0,12,28,0,0,0,0,6,0,0,0,0,30,0,0,0,0,0,0,0,8,0,0,0,0,0,0,0,0,0,0,0,0,0,0,0,34,0,0,0,0,0,0,0,0,0,0,0,0,0,0,0,0,0,0,0,0,104,0,19,0,0,0,0,0,0,0,0,0,0,0,0,0,0,0,0,0,0,0,0,0,0,0,0,0,0,0,28,0,0,0,0,0,0,0,0,0,0,0,0,0,0,0,45,69,0,0,0,0,0,0,0,0,0,0,0,0,0,0,0,0,0,0,0,0,0,0,0,0,0,0,0,0,0,0,0,0,0,0,0,0,0,0,0,0,0,0,0,0,0,0,0,0,0,0,0,0,0,0,0,0,0,0,0,0,0,0,0,0,0,0,0,0,0,0,0,0,0,0,0,0,0,0,0,0,0,0,0,0,0,0,0,0,fearPolygon,Nő,Female,43708.43627
33,77,69,51,134,64,56,52,120,88,81,20,118,16,5,66,0,54,0,0,24,0,29,12,0,1,5,45,119,24,12,0,124,0,89,25,40,0,57,0,13,0,0,0,0,0,0,0,16,6,6,17,0,13,16,0,1,19,16,0,10,0,0,0,0,0,33,0,0,0,0,0,0,0,0,0,0,2,0,9,0,0,0,0,10,19,0,0,0,0,0,45,2,0,0,0,0,0,0,0,0,10,0,0,5,0,0,0,0,0,0,0,0,0,0,4,0,0,0,0,0,3,0,0,13,0,0,0,0,0,0,0,0,0,0,0,0,0,0,0,0,0,0,0,0,0,0,0,0,0,0,0,0,0,0,0,0,0,0,0,0,0,0,0,0,0,0,0,0,0,5,0,0,0,0,0,0,0,0,0,0,0,0,0,0,0,0,0,0,0,0,0,0,0,0,0,0,0,0,0,0,0,0,0,0,0,0,0,0,0,0,0,0,0,0,0,0,0,0,0,0,0,0,0,0,0,0,0,0,0,0,0,0,0,0,0,0,0,0,0,0,0,0,0,0,0,0,0,0,0,0,0,0,0,0,0,0,0,0,0,0,0,0,0,0,0,0,0,0,0,0,0,0,0,0,0,0,0,0,0,0,0,0,0,0,0,0,0,0,0,0,0,0,0,0,0,0,0,0,0,0,0,0,0,0,0,0,0,0,0,0,0,0,0,0,0,0,0,0,0,safePolygon,Nő,Female,10081.94441
34,576,653,241,1016,222,576,533,915,511,484,521,1025,36,0,277,0,130,0,0,78,0,146,0,38,20,0,265,456,127,72,0,1070,34,670,130,98,35,1077,0,0,0,0,0,0,0,0,0,432,26,53,12,0,0,14,126,12,122,23,0,0,24,0,0,0,146,442,0,0,0,0,0,0,0,0,0,0,2,262,314,0,175,0,0,0,11,0,0,42,0,0,79,102,0,0,0,12,48,0,0,0,131,0,0,0,0,0,0,0,99,0,0,70,0,0,104,0,0,0,0,81,0,0,3,11,19,0,0,0,0,0,0,0,0,0,0,0,0,0,0,0,0,0,0,0,0,0,0,0,0,0,0,0,31,0,9,0,0,0,0,0,0,0,0,0,17,0,0,0,0,0,0,0,0,0,0,0,0,0,0,0,0,0,0,0,0,19,19,0,0,0,0,0,0,0,0,0,0,0,0,0,0,0,0,0,0,0,0,0,0,0,0,0,0,0,0,0,0,0,0,0,0,0,0,0,0,0,0,0,0,0,0,16,0,0,0,0,0,0,0,0,0,0,0,0,0,0,0,0,0,0,0,0,0,0,0,0,0,0,0,0,0,0,0,0,0,0,0,0,0,0,0,0,0,0,0,0,0,0,0,0,0,0,0,0,0,0,0,0,0,0,0,0,0,0,0,0,0,0,0,0,0,0,0,0,0,0,0,0,0,0,0,0,0,0,0,0,0,0,0,safePolygon,Férfi,Male,5043178.915
35,35402,7944,3739,38028,3031,6733,17787,27811,6720,17262,5856,9849,581,86,12138,0,1362,123,0,69,0,4520,429,327,266,335,11490,8037,2000,6835,12,30580,360,15900,838,2910,264,29909,73,277,124,461,0,54,0,1166,0,8166,1881,544,57,149,1,515,80,961,1059,7411,0,94,1449,150,0,0,4061,12318,1,0,0,0,0,0,0,0,0,256,291,10694,7281,0,13731,0,0,433,1441,48,0,0,0,0,1039,3196,0,22,0,397,0,0,1919,1307,1411,1187,152,56,37,73,0,149,4991,0,351,5130,0,50,384,0,0,0,0,3326,454,1186,37,84,28,0,0,121,353,4,405,66,271,87,214,0,0,11,1,1,26,0,0,0,0,0,0,0,0,149,4,228,59,13,69,23,3,137,111,32,273,23,0,55,2,5,5,0,0,0,32,3,78,0,0,0,0,0,105,58,0,196,27,0,0,0,0,0,0,0,0,0,43,0,0,0,0,0,33,0,95,0,0,0,0,0,0,0,139,0,0,58,0,0,0,0,0,0,0,0,0,0,0,0,0,0,0,0,0,0,0,0,50,373,38,43,15,7,0,0,0,0,0,0,0,0,0,0,0,0,0,0,0,0,0,0,0,0,0,0,0,0,0,0,0,0,0,0,0,0,0,0,0,0,0,0,0,0,0,0,0,0,0,0,0,0,0,0,0,0,0,0,0,0,0,0,0,0,0,0,0,0,0,0,0,0,0,0,0,0,0,0,0,0,0,0,0,0,0,safePolygon,Nő,Female,13148.0262
36,343,117,84,373,65,130,203,273,392,236,215,408,30,72,219,24,111,66,0,69,2,36,10,19,61,0,148,208,116,21,37,165,0,279,13,58,0,227,13,13,3,0,0,0,0,1,0,70,1,0,56,27,0,27,96,10,51,36,0,0,1,6,0,0,2,191,0,0,0,0,0,0,0,0,0,0,0,48,35,0,47,0,7,0,19,20,0,0,0,0,10,9,0,0,0,0,0,0,8,19,3,10,0,0,0,0,0,0,21,0,0,21,0,0,37,0,0,0,0,12,10,0,0,23,0,0,0,0,0,0,0,0,0,0,0,0,0,0,2,0,0,0,0,13,11,1,0,0,0,0,0,0,0,0,0,0,0,0,0,0,0,0,0,0,10,0,0,0,0,0,0,0,0,0,0,0,0,0,0,0,0,0,0,0,0,0,0,0,0,0,0,0,0,0,0,0,0,0,0,0,0,0,0,0,0,0,0,0,0,0,0,0,0,0,0,0,0,0,0,0,0,0,0,0,0,0,0,0,0,0,0,0,0,0,0,0,0,0,0,0,0,0,0,0,0,0,0,0,0,0,0,0,0,0,0,0,0,0,0,0,0,0,0,0,0,0,0,0,0,0,0,0,0,0,0,0,0,0,0,0,0,0,0,0,0,0,0,0,0,0,0,0,0,0,0,0,0,0,0,0,0,0,0,0,0,0,0,0,0,0,0,0,0,0,0,0,0,0,0,fearPolygon,Férfi,Male,1393581.201
37,356,104,100,340,94,105,214,271,327,247,208,306,8,30,67,21,29,29,0,20,0,28,2,2,48,0,90,121,71,21,7,250,0,120,0,15,14,369,1,1,1,0,0,0,0,9,0,88,18,0,23,8,0,18,35,31,51,93,0,0,0,1,0,0,0,111,0,0,0,0,0,0,0,0,0,0,44,151,37,0,56,0,2,0,0,5,0,0,0,0,18,10,0,0,0,0,0,0,23,18,0,2,0,0,0,0,0,0,52,0,0,35,0,0,12,0,0,0,0,12,0,0,0,26,0,0,0,0,0,0,0,0,0,0,0,0,0,0,0,0,0,0,0,1,0,1,0,0,0,0,0,0,0,0,0,0,0,0,0,0,0,0,0,0,2,0,0,0,0,0,0,0,0,0,0,0,0,0,0,0,0,0,0,0,0,0,0,0,0,0,0,0,0,0,0,0,0,0,0,0,0,0,0,0,0,0,0,0,0,0,0,0,0,0,0,0,0,0,0,0,0,0,0,0,0,0,0,0,0,0,0,0,0,0,0,0,0,0,0,0,0,0,0,0,0,0,0,0,0,0,0,0,0,0,0,0,0,0,0,0,0,0,0,0,0,0,0,0,0,0,0,0,0,0,0,0,0,0,0,0,0,0,0,0,0,0,0,0,0,0,0,0,0,0,0,0,0,0,0,0,0,0,0,0,0,0,0,0,0,0,0,0,0,0,0,0,0,0,0,safePolygon,Férfi,Male,2228.823643
38,7986,5406,3145,9321,2870,4126,6130,8847,8456,7060,4244,9036,1007,539,3219,176,2463,369,93,1193,284,2444,377,387,1537,622,2965,5688,2275,1125,264,7908,189,4037,239,766,271,8701,217,178,71,48,15,167,3,261,26,3499,752,100,249,227,182,815,566,706,1214,1729,16,202,114,46,36,174,442,3497,37,0,0,0,0,0,14,0,0,64,306,2363,844,0,1615,1,0,15,320,98,95,204,0,26,764,647,12,45,0,0,0,9,399,309,883,48,33,0,14,0,0,0,251,0,3,224,0,0,563,0,0,0,0,105,237,48,0,116,17,0,36,21,18,43,1,0,45,0,14,0,29,0,180,0,0,0,50,0,0,0,0,0,0,0,0,0,0,0,0,0,0,0,0,0,0,0,0,0,34,0,0,0,37,0,25,0,39,0,0,0,0,0,0,0,0,34,26,0,0,0,0,0,0,0,0,0,0,0,0,0,0,0,31,0,31,0,0,0,0,0,0,0,0,0,0,0,0,0,6,0,0,0,0,0,0,0,65,0,0,0,0,0,0,0,10,0,0,0,0,0,0,0,23,30,6,1,17,2,0,0,0,0,0,0,0,0,0,0,0,0,0,0,0,0,0,0,0,0,0,0,0,0,0,0,0,0,0,0,0,0,0,0,0,0,0,0,0,0,0,0,0,0,0,0,0,0,0,0,0,0,0,0,0,0,0,0,0,0,0,0,0,0,0,0,0,0,0,0,0,0,0,0,0,safePolygon,Férfi,Male,2372.355015
39,7539,11155,8451,19071,7400,10044,8265,17728,6961,9018,5640,12912,2944,93,7839,15,1584,374,14,283,0,5596,1115,1009,1685,273,4536,12860,1121,3633,40,18206,202,12792,708,2579,863,18877,95,97,0,99,16,69,17,763,0,5143,1316,1526,382,0,70,2557,766,2809,2331,2004,79,450,414,0,0,88,583,8212,0,0,0,0,0,0,0,0,0,213,248,3987,4001,0,4517,18,0,273,1821,43,439,47,0,0,795,3669,120,10,0,597,109,0,349,360,2301,629,17,39,40,0,60,24,2102,0,54,1806,0,0,774,0,0,0,0,1261,288,48,0,379,54,27,126,10,32,0,10,21,33,17,0,0,4,0,103,0,0,17,42,0,0,0,406,0,127,30,13,8,0,8,425,0,0,0,0,0,0,1,3,0,112,0,0,0,0,0,0,0,40,0,26,0,0,0,21,1,0,0,2,79,122,344,83,0,0,21,0,0,0,0,0,12,0,0,0,17,11,0,0,0,0,0,0,0,0,0,0,17,29,0,0,0,0,0,22,1,0,0,0,37,10,42,8,0,0,0,0,3,0,0,0,0,0,0,0,0,0,0,0,0,58,5,13,10,1,7,0,0,0,0,0,0,0,0,0,0,0,0,0,0,0,0,0,0,0,0,0,0,0,0,0,0,0,0,0,0,0,0,0,0,0,0,0,0,0,0,0,0,0,0,0,0,0,0,0,0,0,0,0,0,0,0,0,0,0,0,0,0,0,0,0,0,0,0,0,fearPolygon,Férfi,Male,124986.9818
40,3298,2333,1199,11372,954,2245,4692,9885,5859,6668,4249,7553,704,135,3354,14,995,66,9,490,0,1492,141,99,1980,243,2976,6905,4648,1952,165,12454,132,7025,125,1008,81,12054,17,0,24,11,0,14,0,185,0,1623,274,123,261,45,19,179,578,151,1964,2146,2,134,120,20,0,0,266,9401,14,0,0,0,0,0,0,0,0,4,267,3458,1887,0,4525,0,0,12,1901,63,11,0,0,0,572,1043,0,0,0,463,30,0,429,304,2264,180,7,37,64,0,8,50,1656,0,0,448,0,0,783,0,0,0,0,550,359,351,0,1170,1,0,59,7,1,207,0,17,17,0,5,0,80,0,112,11,0,0,0,0,0,10,0,0,92,4,0,0,0,0,0,0,0,0,0,0,3,0,0,6,68,0,0,0,5,0,0,1,17,0,4,0,0,0,0,0,1,0,0,0,0,0,0,0,0,0,0,0,0,0,0,0,0,0,11,0,17,0,0,0,0,0,0,0,0,0,0,0,0,0,0,0,0,0,0,9,0,0,3,0,0,0,0,0,0,0,0,0,0,0,0,0,0,0,23,9,0,0,0,0,0,0,0,0,0,0,17,1,4,6,11,0,0,0,0,0,0,0,0,0,0,0,0,0,0,0,0,0,0,0,0,0,0,0,0,0,0,0,0,0,0,0,0,0,0,0,0,0,0,0,0,0,0,0,0,0,0,0,0,0,0,0,0,0,0,0,0,0,0,0,0,0,0,0,0,safePolygon,Férfi,Male,23200.27253
41,36748,8522,3879,37497,3346,7091,19028,28340,6404,18868,6240,8040,689,80,10403,0,1282,168,0,66,0,4886,292,329,361,551,12316,7854,1507,7678,18,28743,324,14261,787,2352,215,29682,84,170,170,480,0,33,0,1700,0,8265,2170,385,38,187,8,438,33,891,473,8370,0,110,1207,165,0,0,5005,10339,58,1,0,0,0,0,0,0,0,104,276,10881,7422,0,13165,0,0,425,865,47,0,0,0,0,1123,3066,0,16,0,317,0,0,2301,1448,1535,807,119,65,43,52,1,51,4563,0,384,4883,0,58,355,0,0,0,0,2710,262,1093,53,69,20,1,0,201,380,0,486,138,315,7,221,0,0,14,2,1,1,0,0,0,0,0,0,0,0,69,0,136,62,50,47,49,55,12,12,9,305,9,0,75,0,8,8,0,0,0,0,0,27,0,0,0,0,0,0,78,0,242,18,0,0,0,0,0,0,0,0,0,0,15,0,0,0,0,25,0,82,0,0,0,0,0,0,0,132,0,0,75,0,0,0,0,0,0,0,0,0,0,0,0,0,0,0,0,0,0,0,0,0,505,107,37,28,0,0,0,0,0,0,0,0,0,0,0,0,0,0,0,0,0,0,0,0,0,0,0,0,0,0,0,0,0,0,0,0,0,0,0,0,0,0,0,0,0,0,0,0,0,0,0,0,0,0,0,0,0,0,0,0,0,0,0,0,0,0,0,0,0,0,0,0,0,0,0,0,0,0,0,0,0,0,0,0,0,0,fearPolygon,Férfi,Male,33147.75281
42,173,11,6,230,11,11,174,185,0,179,35,7,0,0,93,0,0,17,0,0,0,6,0,0,0,0,9,15,6,15,0,305,0,86,29,34,0,331,0,0,6,0,0,0,0,0,0,185,2,0,0,0,0,6,14,6,0,43,0,0,0,0,0,0,0,118,0,0,0,0,0,0,0,0,0,0,18,140,87,0,248,0,0,0,0,0,0,0,0,0,0,117,0,0,0,0,0,0,34,39,6,27,0,0,0,0,0,0,111,0,0,64,0,0,0,0,0,0,0,100,0,47,0,0,0,0,0,0,0,0,0,0,0,16,8,0,0,0,4,0,0,0,0,0,0,0,0,0,0,0,0,0,0,0,0,0,0,0,0,0,0,0,0,0,0,0,0,0,0,0,0,0,0,0,0,0,0,0,0,0,0,0,0,0,0,0,0,0,0,0,0,0,0,16,0,0,0,0,0,0,0,0,0,0,0,0,0,0,0,0,0,0,0,0,0,0,0,0,0,0,0,0,0,0,0,0,0,0,0,0,0,0,0,0,0,0,0,0,0,0,0,0,0,0,0,0,0,0,0,0,0,0,0,0,0,0,0,0,0,0,0,0,0,0,0,0,0,0,0,0,0,0,0,0,0,0,0,0,0,0,0,0,0,0,0,0,0,0,0,0,0,0,0,0,0,0,0,0,0,0,0,0,0,0,0,0,0,0,0,0,0,0,0,0,0,0,0,0,0,safePolygon,Férfi,Male,1990.788512
43,195,84,66,366,49,81,104,366,0,12,0,14,41,0,237,0,0,0,0,0,0,73,46,17,0,4,179,20,0,74,0,224,0,308,0,83,11,236,0,0,0,0,0,0,0,91,0,7,27,41,0,0,0,5,0,39,12,0,0,0,5,0,0,0,14,74,0,0,0,0,0,0,0,0,0,0,0,0,74,0,216,0,0,0,0,0,0,0,0,0,0,149,0,0,0,0,0,0,0,0,0,0,0,0,0,0,0,0,148,0,0,0,0,0,0,0,0,0,0,0,0,0,0,0,0,0,0,0,0,0,0,0,0,0,0,0,0,0,0,0,0,0,0,0,0,0,0,0,0,0,0,0,0,0,0,0,0,0,0,0,0,0,0,0,0,0,0,0,0,0,0,0,0,0,4,0,0,0,0,0,0,0,144,0,0,0,0,0,0,0,0,0,0,0,0,0,0,0,0,0,0,0,0,0,0,0,0,0,0,0,0,0,0,0,0,0,0,0,0,0,0,0,0,0,0,0,0,0,10,0,0,0,0,0,0,0,0,0,0,0,0,0,0,0,0,0,0,0,0,0,0,0,0,0,0,0,0,0,0,0,0,0,0,0,0,0,0,0,0,0,0,0,0,0,0,0,0,0,0,0,0,0,0,0,0,0,0,0,0,0,0,0,0,0,0,0,0,0,0,0,0,0,0,0,0,0,0,0,0,0,0,0,0,0,0,0,0,0,0,safePolygon,Nő,Female,512218.5594
44,1435,740,558,1392,557,682,916,1301,950,869,164,1149,194,7,389,0,182,3,0,5,0,457,46,219,88,16,523,1085,63,75,7,1000,0,672,10,81,100,1037,0,7,49,0,0,5,0,187,1,237,162,26,67,6,227,135,17,154,119,253,16,54,15,6,0,0,74,379,0,0,19,0,0,0,0,0,0,30,18,251,175,0,252,19,0,35,22,0,2,0,1,0,81,0,0,0,0,0,0,0,47,25,81,9,0,16,0,0,0,48,35,16,42,47,12,2,40,17,24,17,35,122,3,0,0,0,13,0,0,0,0,0,1,0,0,0,0,0,0,0,0,5,0,0,0,0,0,0,0,23,0,0,0,0,0,0,0,0,0,0,0,0,0,0,24,0,1,0,0,0,0,0,0,0,0,0,20,12,0,0,0,4,0,0,0,0,0,0,0,0,0,0,0,0,0,0,0,0,0,0,0,0,0,0,0,0,0,0,0,9,0,0,0,0,0,0,0,0,0,0,0,0,0,0,0,0,0,0,0,0,0,0,0,0,7,0,0,0,0,0,6,0,0,0,0,0,0,0,0,0,0,0,0,0,0,0,0,14,0,0,0,0,0,0,0,0,0,0,0,0,0,0,0,0,0,0,0,0,0,0,0,0,0,0,0,0,0,0,0,0,0,0,0,0,0,0,0,0,0,0,0,0,0,0,0,0,0,0,0,0,0,0,0,0,0,0,0,0,0,0,0,fearPolygon,Férfi,Male,199872.9977
45,18245,12006,7359,22874,5949,9367,14152,21926,22723,16169,12402,23130,2819,1468,9218,385,7138,934,193,3241,467,5315,588,1199,4370,1662,7337,12641,7647,3488,967,18061,1079,12665,577,1714,594,19704,165,535,333,56,223,156,0,738,26,7151,1589,517,1173,634,576,1616,2508,1341,3079,3339,17,279,440,227,176,467,1021,10040,107,37,56,0,56,46,46,1,1,113,351,5395,2213,0,3739,33,0,5,1161,335,51,217,2,7,1941,2304,114,45,0,53,65,0,622,773,1725,151,167,0,292,0,1,59,286,8,117,454,68,45,1849,7,0,0,1,393,501,78,0,257,39,0,74,0,92,131,0,0,19,0,63,0,65,37,75,53,0,0,100,24,0,0,0,0,0,90,0,0,35,0,0,0,0,0,0,0,0,0,2,0,50,0,0,39,82,38,4,0,10,0,21,2,0,0,0,2,0,102,40,6,0,0,0,0,0,0,0,0,0,0,0,0,0,0,4,0,4,0,0,35,0,0,0,0,0,0,0,0,0,0,36,0,0,0,0,0,0,0,0,0,0,0,0,0,3,0,17,0,0,0,0,0,0,0,2,4,38,0,0,0,0,0,0,0,0,0,0,0,0,0,0,0,2,1,56,0,0,0,0,0,0,0,0,0,0,0,0,0,0,0,0,0,0,0,0,0,0,0,0,0,0,0,0,0,0,0,0,0,0,0,0,0,0,0,0,0,0,0,0,0,0,0,0,0,0,0,0,0,0,0,0,0,0,0,0,fearPolygon,Nő,Female,73573.08322
46,2274,682,632,2392,509,533,1571,1992,1174,1577,1237,1593,32,11,354,11,131,0,0,64,0,151,32,0,232,0,493,827,569,163,2,2041,0,837,0,163,98,2789,0,0,0,0,0,0,0,0,0,533,125,12,13,0,0,22,144,103,290,575,0,0,19,0,0,0,1,1030,0,0,0,0,0,0,0,0,0,0,233,1419,555,0,573,0,0,0,59,0,11,0,0,0,38,48,0,0,0,8,5,0,311,220,108,20,0,0,0,0,0,47,334,0,0,280,0,0,56,0,0,0,0,278,51,24,0,60,0,0,0,0,0,1,0,0,0,0,0,0,33,15,49,0,0,0,0,0,2,0,4,0,0,4,0,0,0,0,0,0,0,0,0,0,0,0,0,0,0,0,0,0,0,0,0,0,0,0,0,0,0,0,0,0,0,1,0,0,0,0,0,0,0,0,0,0,0,0,0,0,0,0,0,0,0,0,0,0,0,0,0,0,0,0,0,0,0,0,0,0,0,0,0,0,0,0,0,0,0,0,0,0,0,0,0,0,0,0,0,0,0,0,0,0,0,0,0,0,0,0,0,0,0,0,0,0,0,0,0,0,0,0,0,0,0,0,0,0,0,0,0,0,0,0,0,0,0,0,0,0,0,0,0,0,0,0,0,0,0,0,0,0,0,0,0,0,0,0,0,0,0,0,0,0,0,0,0,0,0,0,0,0,0,0,0,0,0,0,0,0,0,0,0,safePolygon,Nő,Female,359726.1044
47,5831,5891,4588,6646,3998,5638,3570,6241,4453,3553,2498,7229,1361,68,1742,21,752,223,77,201,1,3220,226,543,483,162,1818,4761,388,761,155,7693,34,3377,161,480,612,9126,1,78,59,63,20,38,0,103,4,2344,418,346,146,7,25,1384,389,1479,501,745,7,218,190,0,0,57,515,2990,10,3,0,0,0,7,0,0,0,5,82,1456,1464,0,1426,20,0,49,298,86,109,0,0,0,481,586,0,15,3,16,27,0,157,70,891,69,1,2,9,0,10,13,320,0,41,139,0,0,503,0,0,0,0,329,57,20,1,61,23,17,20,4,12,0,0,7,18,13,0,0,78,0,10,1,23,0,17,0,0,0,9,0,0,112,0,0,14,0,0,1,3,0,0,0,20,0,10,0,9,0,0,0,0,4,5,0,30,0,17,0,0,0,0,0,0,0,31,32,0,0,0,0,6,0,0,0,0,0,0,0,0,0,22,71,1,0,0,0,0,0,0,0,0,0,0,0,2,9,4,0,0,0,0,0,0,0,0,2,0,24,0,0,0,0,6,0,0,0,0,0,0,0,0,0,1,0,2,0,0,0,0,0,0,0,0,0,0,0,0,0,0,0,0,2,10,2,17,27,27,0,0,0,0,0,0,0,0,0,0,0,0,0,0,0,0,0,0,0,0,0,0,0,0,0,0,0,0,0,0,0,0,0,0,0,0,0,0,0,0,0,0,0,0,0,0,0,0,0,0,0,0,0,0,fearPolygon,Nő,Female,128337.4081
48,827,119,155,841,153,175,566,746,144,571,53,176,0,0,151,0,5,0,0,0,0,332,0,7,1,0,469,467,23,121,0,795,0,365,18,70,0,499,0,0,0,0,0,0,0,41,0,109,94,2,0,0,0,12,0,7,47,178,0,17,0,0,0,0,54,172,0,0,0,0,0,0,0,0,0,0,1,23,68,0,217,0,0,1,16,0,0,0,0,0,2,0,0,0,12,0,0,0,0,0,66,13,118,58,8,8,16,21,11,0,0,0,0,0,0,0,0,0,0,0,1,0,0,0,0,0,0,0,0,0,0,0,0,0,0,0,0,0,0,0,0,0,0,0,0,0,0,0,0,2,0,0,0,0,0,0,0,0,0,0,0,0,0,0,0,0,0,0,0,0,0,0,0,0,0,0,0,0,0,0,0,0,0,0,0,0,0,0,0,0,0,0,0,0,0,0,6,0,0,0,0,0,0,0,0,0,0,0,0,0,0,0,0,0,0,0,0,0,0,0,0,0,0,0,0,0,0,0,0,0,0,0,0,0,0,0,0,0,0,0,0,0,0,0,0,0,0,0,0,0,0,0,0,0,0,0,0,0,0,0,0,0,0,0,0,0,0,0,0,0,0,0,0,0,0,0,0,0,0,0,0,0,0,0,0,0,0,0,0,0,0,0,0,0,0,0,0,0,0,0,0,0,0,0,0,0,0,0,0,0,0,0,0,0,0,0,0,0,0,safePolygon,Nő,Female,361608.1571
49,1580,1202,744,1912,752,1066,990,1639,95,802,95,288,204,0,815,0,165,9,0,3,0,828,163,66,0,62,556,326,38,348,0,988,41,1021,97,382,65,1131,109,94,31,55,17,101,0,107,0,268,279,182,0,0,0,189,3,190,105,89,0,0,215,0,0,0,171,267,0,50,0,0,0,0,0,0,0,45,0,177,211,0,264,4,0,155,31,0,0,0,0,0,0,120,66,13,0,4,0,0,39,11,16,11,0,0,0,0,0,0,84,0,79,116,0,0,0,0,0,0,0,25,0,0,0,22,0,0,0,13,18,0,0,0,0,12,0,0,0,0,19,0,0,0,0,0,0,0,10,0,0,0,0,0,4,0,0,0,0,0,0,0,0,0,23,0,0,0,0,0,0,0,0,0,4,0,0,0,0,0,0,0,0,0,0,66,0,11,0,0,0,0,0,0,0,0,0,0,0,0,4,0,0,0,0,0,0,0,0,0,0,0,0,0,0,20,0,0,0,0,0,0,0,0,0,0,0,0,0,0,0,31,47,0,0,0,0,0,0,0,0,0,0,0,0,0,10,0,0,0,0,0,0,0,0,0,0,0,0,0,0,0,0,0,0,0,0,0,0,0,0,0,0,0,0,0,0,0,0,0,0,0,0,0,0,0,0,0,0,0,0,0,0,0,0,0,0,0,0,0,0,0,0,0,0,0,0,0,0,0,0,0,0,0,0,0,0,0,0,0,0,fearPolygon,Nő,Female,62123.91983
50,23573,20773,16046,40044,14301,18770,19519,37875,10236,20641,8882,18948,5224,153,17479,0,2131,555,14,347,0,11707,1934,1621,2153,589,10852,19995,2094,9518,73,34485,396,25323,939,5112,1495,34092,144,204,23,242,17,126,15,3025,0,9106,5056,3985,526,0,167,4935,729,5386,4706,4885,78,757,1091,0,0,16,2737,13131,27,3,0,0,0,0,0,0,0,575,536,7578,7099,40,8808,24,0,515,3182,73,521,37,0,0,906,6472,120,85,1,721,160,0,605,615,4140,1471,153,67,55,0,61,80,4638,0,144,4929,0,0,975,9,0,0,0,2193,418,223,0,555,500,36,166,84,238,0,23,26,37,38,0,1,0,0,154,38,0,13,117,0,0,12,1190,0,124,186,37,16,23,77,1565,2,23,0,0,0,0,17,0,5,195,4,0,0,0,0,0,0,108,0,64,0,0,0,18,0,0,2,128,99,194,186,110,43,5,12,0,0,0,0,0,0,7,7,5,227,46,0,0,0,0,28,0,0,0,0,0,0,39,0,0,0,0,20,0,5,0,0,13,56,17,68,13,0,39,0,58,1,0,0,0,0,0,65,0,14,0,0,1,0,27,0,26,0,2,0,0,0,0,0,5,0,0,0,0,0,0,0,0,0,0,1,19,4,70,8,4,5,30,3,6,8,2,5,0,0,0,0,0,0,0,0,0,0,0,0,0,0,0,0,0,0,0,0,0,0,0,0,0,0,0,0,0,0,0,0,0,0,0,0,0,0,0,0,0,safePolygon,Nő,Female,20638.30194
51,9,46,38,90,33,34,52,94,19,53,15,61,12,0,25,0,1,0,0,1,0,21,3,5,7,0,24,63,0,19,1,101,0,48,2,4,4,99,0,0,0,0,0,0,0,1,0,31,7,3,0,0,1,6,0,9,13,12,0,6,1,0,0,0,0,28,0,0,0,0,0,0,0,0,0,0,0,8,8,0,28,0,0,0,12,0,0,0,0,0,0,23,0,0,0,5,1,0,0,1,11,0,0,0,0,0,0,0,11,0,0,1,0,0,3,0,0,0,0,1,0,0,0,0,2,0,2,0,0,0,0,0,0,0,0,0,0,0,0,0,0,0,0,0,0,0,0,0,0,0,0,0,0,0,0,0,0,0,0,0,0,0,0,0,1,0,0,0,0,0,0,0,0,0,0,0,0,0,0,0,0,0,0,0,0,0,0,0,0,0,0,0,0,0,0,0,0,0,0,0,0,0,0,0,0,0,0,0,0,0,0,0,0,0,0,0,0,0,0,0,0,0,0,0,0,0,0,0,0,0,0,0,0,0,0,0,0,0,0,0,0,0,0,0,0,0,0,0,0,0,0,0,0,0,0,0,0,0,0,0,0,0,0,0,0,0,0,0,0,0,0,0,0,0,0,0,0,0,0,0,0,0,0,0,0,0,0,0,0,0,0,0,0,0,0,0,0,0,0,0,0,0,0,0,0,0,0,0,0,0,0,0,0,0,0,0,0,0,0,safePolygon,Férfi,Male,254768.262
52,692,367,188,678,101,319,562,613,392,436,319,522,40,0,96,0,53,0,0,0,0,241,9,0,92,33,104,368,56,48,16,756,5,224,6,28,40,1033,0,0,0,0,0,0,0,13,0,306,140,0,26,0,0,32,8,41,11,58,0,0,0,0,0,0,100,322,0,0,0,0,0,0,0,0,0,0,58,334,217,0,220,0,0,0,3,0,11,0,0,0,27,55,0,0,0,0,0,0,135,134,37,11,0,0,4,0,0,0,140,0,0,142,0,0,64,0,0,0,0,62,0,8,32,3,10,0,0,0,0,0,56,0,15,0,5,0,0,0,0,0,0,0,0,0,0,0,0,0,0,13,0,0,0,0,0,0,0,0,0,0,0,0,0,0,0,0,0,0,0,0,0,0,0,0,0,0,0,0,0,0,0,0,0,0,0,0,0,0,0,0,0,0,0,0,0,0,0,0,0,0,0,0,0,0,0,0,0,0,0,0,0,0,0,0,0,0,0,0,0,0,0,0,0,0,0,0,0,0,0,0,0,0,0,0,0,0,0,0,0,0,0,0,0,0,0,0,0,0,0,0,0,0,0,0,0,0,0,0,0,0,0,0,0,0,0,0,0,0,0,0,0,0,0,0,0,0,0,0,0,0,0,0,0,0,0,0,0,0,0,0,0,0,0,0,0,0,0,0,0,0,0,0,0,0,0,0,0,0,0,0,0,0,0,0,0,0,0,0,0,fearPolygon,Férfi,Male,15133.22439
53,775,138,83,2217,72,158,1035,2217,627,1634,423,929,67,0,1481,0,17,0,0,2,0,130,4,24,98,0,512,1153,473,327,0,3718,3,1422,32,160,38,3315,0,0,0,16,0,0,0,90,0,306,72,92,47,0,0,15,1,46,575,742,13,31,4,0,0,0,4,2595,0,0,0,0,0,0,0,0,0,0,92,741,498,0,1790,0,0,0,297,0,0,0,0,0,16,225,0,0,0,66,0,0,669,421,679,166,0,0,154,0,0,17,1898,0,0,638,0,0,126,0,0,0,0,608,83,136,0,186,22,132,202,32,7,3,21,21,28,21,0,0,0,0,0,0,0,0,0,0,0,0,0,0,0,0,0,0,0,0,0,0,0,0,0,0,0,0,0,0,0,0,0,0,0,0,0,2,0,0,0,0,0,0,0,0,0,0,0,0,0,0,0,0,0,0,0,0,0,0,0,0,0,0,0,0,0,0,0,0,0,0,0,0,0,0,0,0,0,0,0,0,0,0,0,0,0,0,0,0,0,0,0,0,0,0,0,0,0,0,0,0,0,0,0,0,0,0,0,0,0,0,0,0,0,0,0,0,0,0,0,0,0,0,0,0,0,0,0,0,0,0,0,0,0,0,0,0,0,0,0,0,0,0,0,0,0,0,0,0,0,0,0,0,0,0,0,0,0,0,0,0,0,0,0,0,0,0,0,0,0,0,0,0,0,0,0,0,0,0,0,0,0,0,0,fearPolygon,Férfi,Male,13448.11414
54,1953,514,425,2071,394,400,854,1488,1659,1196,906,1936,80,221,796,95,365,197,0,165,0,116,1,36,216,0,453,1067,501,473,95,1183,0,1199,47,143,45,1317,0,0,0,0,0,2,0,41,0,358,45,16,147,69,0,93,321,31,304,237,0,0,20,31,0,0,2,1079,0,0,0,0,0,0,0,0,0,0,44,718,264,0,391,0,28,0,60,30,0,1,0,0,92,186,0,0,0,0,0,0,44,39,15,3,0,0,0,0,0,0,37,0,0,170,0,0,111,0,0,0,0,58,91,0,0,288,0,0,0,0,0,0,0,0,0,0,0,0,3,11,14,23,0,0,33,60,40,1,1,0,1,0,0,0,0,0,0,0,0,0,0,0,0,0,0,0,0,0,0,0,0,0,0,0,0,0,0,0,0,0,0,0,0,0,0,0,0,0,0,0,0,0,0,0,0,0,0,0,0,0,0,0,0,0,0,0,0,0,0,0,0,0,0,0,0,0,0,0,0,0,0,0,0,0,0,0,0,0,0,0,0,0,0,0,0,0,0,0,0,0,0,0,0,0,0,0,0,0,0,0,0,0,0,0,0,0,0,0,0,0,0,0,0,0,0,0,0,0,0,0,0,0,0,0,0,0,0,0,0,0,0,0,0,0,0,0,0,0,0,0,0,0,0,0,0,0,0,0,0,0,0,0,0,0,0,0,0,0,0,0,0,0,0,0,0,0,0,0,0,0,0,fearPolygon,Férfi,Male,52447.4374
55,292,128,53,271,52,117,221,364,231,201,16,328,37,3,149,0,121,2,0,0,0,47,1,16,26,0,171,300,0,36,3,96,0,219,19,3,0,75,19,1,19,0,0,0,0,26,1,88,26,0,26,1,102,6,0,25,78,80,23,0,3,1,0,0,13,17,0,0,0,0,0,0,0,0,0,38,0,16,16,0,3,12,0,47,3,0,35,0,0,0,17,8,0,0,0,0,0,0,0,13,16,0,0,0,0,0,1,25,0,0,20,0,20,0,3,12,12,12,0,0,0,0,0,0,0,0,0,0,0,0,0,0,0,0,0,0,0,0,0,0,0,0,0,0,0,0,0,0,0,0,0,0,0,0,0,0,0,0,0,0,0,0,0,0,1,0,0,0,0,0,0,0,0,0,12,20,0,0,0,0,0,0,0,0,0,0,0,0,0,0,0,0,0,0,0,0,0,0,0,0,0,0,0,0,0,13,0,0,0,0,0,0,0,0,0,0,0,0,0,0,0,0,0,0,0,0,0,0,0,0,0,0,0,0,0,0,0,0,0,0,0,0,0,0,0,0,0,0,0,0,0,0,0,0,0,0,0,0,0,0,0,0,0,0,0,0,0,0,0,0,0,0,0,0,0,0,0,0,12,0,0,0,0,0,0,0,0,0,0,0,0,0,0,0,0,0,0,0,0,0,0,0,0,0,0,0,0,0,0,0,0,0,0,0,0,0,0,0,0,safePolygon,Férfi,Male,3763.570384
56,1067,507,278,992,254,442,597,1031,598,713,122,610,83,0,232,0,47,0,0,19,0,355,83,81,83,36,447,975,15,154,0,1117,0,504,8,87,41,1063,0,0,3,0,0,0,0,31,0,339,227,4,35,0,53,38,0,20,107,189,0,84,27,0,0,0,63,550,0,0,3,0,0,0,0,0,0,1,101,212,280,0,226,0,0,0,112,0,0,21,2,0,16,1,0,0,0,0,0,0,19,13,145,21,0,39,0,0,0,44,77,0,0,6,0,0,17,3,12,0,59,48,18,0,0,0,0,0,0,0,1,0,13,12,0,0,0,0,0,0,0,5,0,0,0,0,0,0,0,0,0,0,0,0,0,0,0,0,0,0,0,0,0,0,38,0,0,0,0,0,19,0,0,0,5,0,0,0,0,0,0,1,0,0,0,0,0,0,0,0,0,0,0,0,0,0,0,0,0,0,5,0,0,0,0,0,0,0,0,2,0,0,0,0,0,0,0,0,0,0,0,0,0,0,0,0,0,0,0,0,0,0,0,0,16,0,0,0,0,0,0,0,0,0,0,0,0,0,0,0,0,0,0,0,0,0,0,23,0,0,0,0,0,0,0,0,0,0,0,0,0,0,0,0,0,0,0,0,0,0,0,3,0,0,0,0,0,0,0,0,0,0,0,0,0,0,0,0,0,0,0,0,0,0,0,0,0,0,0,0,0,0,0,0,0,0,0,0,0,0,0,fearPolygon,Férfi,Male,52356.67181
57,1845,222,128,2830,93,232,1217,2512,772,1714,448,1043,49,0,1276,0,27,0,0,14,0,128,21,16,108,0,827,1097,509,501,0,3719,1,1330,31,164,16,3344,0,0,0,15,0,0,0,86,0,460,322,77,33,0,0,6,0,46,519,586,4,14,12,0,0,0,12,2300,0,0,0,0,0,0,0,0,0,0,71,805,337,0,1693,0,0,0,210,0,0,0,0,0,25,417,0,0,0,27,0,0,517,339,656,110,0,0,64,0,0,9,1450,0,0,696,0,0,84,0,0,0,0,679,119,104,0,141,24,104,129,18,3,2,13,13,19,4,0,0,0,0,0,0,0,0,0,0,0,0,0,0,0,9,0,0,0,0,0,0,0,0,0,0,0,0,0,0,0,0,0,0,0,0,0,8,0,0,0,0,0,0,0,0,0,0,5,0,0,0,0,0,0,0,0,0,0,0,0,0,0,0,0,0,0,0,0,0,0,0,0,0,0,0,0,0,0,0,0,0,0,0,0,0,0,0,0,0,0,0,0,0,0,0,0,0,0,0,0,0,0,0,0,0,0,0,0,0,0,0,0,0,0,0,0,0,0,0,0,0,0,0,0,0,0,0,0,0,0,0,0,0,0,0,0,0,0,0,0,0,0,0,0,0,0,0,0,0,0,0,0,0,0,0,0,0,0,0,0,0,0,0,0,0,0,0,0,0,0,0,0,0,0,0,0,0,0,0,0,0,0,0,0,fearPolygon,Férfi,Male,7608.508629
58,8207,2220,1108,8740,1239,2082,4547,7415,1783,4314,1320,2046,199,0,2280,0,389,28,0,59,0,1744,110,74,151,133,2877,2726,627,1763,71,7663,155,4085,92,827,30,6723,50,39,42,156,0,0,0,524,0,1186,995,83,13,0,18,31,49,289,551,2443,0,0,282,0,0,0,390,2905,0,0,0,0,0,0,0,0,0,2,173,2230,1989,0,1924,0,0,85,308,0,0,0,0,0,294,328,1,0,0,195,0,0,127,297,377,157,135,0,0,29,0,15,238,0,63,895,0,0,120,0,0,0,0,222,31,198,0,16,2,0,0,0,13,66,0,0,0,37,0,0,0,18,0,0,9,0,0,0,0,0,1,0,0,60,0,85,0,20,16,37,26,41,42,7,12,2,0,0,105,21,21,0,0,0,25,32,19,0,0,0,0,0,0,0,0,0,0,0,0,0,0,0,0,0,0,0,0,0,0,0,0,0,0,0,0,0,0,0,0,0,0,0,0,0,0,0,0,0,0,0,0,0,0,0,0,1,0,0,0,0,0,0,0,0,0,0,0,0,0,0,0,0,0,0,0,0,0,0,0,0,0,0,0,0,0,0,0,0,0,0,0,0,0,0,0,0,0,0,0,0,0,0,0,0,0,0,0,0,0,0,0,0,0,0,0,0,0,0,0,0,0,0,0,0,0,0,0,0,0,0,0,0,0,0,0,0,0,0,0,0,0,0,0,0,0,0,0,0,0,0,0,0,0,safePolygon,Nő,Female,377.9428518
59,75,48,35,75,23,28,58,77,120,68,31,114,33,14,69,0,53,35,1,16,4,23,11,0,22,12,33,51,19,32,16,22,1,62,3,2,0,16,2,0,5,0,0,0,0,5,0,11,4,0,0,17,0,8,25,14,12,27,0,0,0,0,0,9,0,2,0,0,0,0,0,0,0,0,0,1,0,1,0,0,1,0,1,0,0,2,0,0,0,0,9,0,1,0,0,0,0,0,0,0,0,0,0,0,2,0,0,0,0,0,0,0,0,0,0,0,0,0,0,0,0,0,0,4,0,0,0,0,0,0,0,0,0,0,0,0,15,0,0,0,0,0,0,0,0,0,0,0,0,0,0,0,0,0,0,0,0,0,0,0,0,0,0,0,0,0,0,0,0,0,0,0,0,0,0,0,0,0,0,0,0,0,0,0,0,0,0,0,0,0,0,0,0,0,0,0,0,0,0,0,0,0,0,0,0,0,0,0,0,0,0,0,0,0,0,0,0,0,0,0,0,0,0,0,0,0,0,0,0,0,0,0,0,0,0,0,0,0,0,0,0,0,0,0,0,0,0,0,0,0,0,0,0,0,0,0,0,0,0,0,0,0,0,0,0,0,0,0,0,0,0,0,0,0,0,0,0,0,0,0,0,0,0,0,0,0,0,0,0,0,0,0,0,0,0,0,0,0,0,0,0,0,0,0,0,0,0,0,0,0,0,0,0,0,0,0,0,0,0,safePolygon,Nő,Female,1319.354116
60,548,175,54,499,54,151,382,626,364,364,28,565,40,3,239,0,181,1,0,1,0,60,2,10,31,0,317,573,0,99,2,205,0,400,31,30,0,168,30,0,29,0,0,0,0,35,0,148,94,0,32,1,179,8,0,32,163,174,33,1,4,1,0,0,38,56,0,0,0,0,0,0,0,0,0,84,0,26,29,0,22,7,0,74,38,0,36,0,0,0,28,24,0,0,0,0,0,0,0,23,29,0,0,0,0,0,9,46,3,5,36,0,20,0,3,23,23,23,0,0,0,0,0,0,0,0,0,0,0,0,0,0,0,0,0,0,0,0,0,0,0,0,0,0,0,0,0,1,0,0,0,0,0,0,0,0,0,0,0,0,0,0,0,0,0,0,0,0,0,0,0,0,0,0,7,20,0,0,0,0,0,0,0,0,0,0,0,0,0,0,0,0,0,0,0,0,0,0,0,0,0,0,0,0,0,7,0,0,0,0,0,0,0,0,0,0,0,0,0,0,0,0,0,0,0,0,0,0,0,0,0,0,0,0,0,0,0,0,0,0,0,0,0,0,0,0,0,0,0,0,0,0,0,0,0,0,0,0,0,0,0,0,0,0,0,0,0,0,0,0,0,0,0,0,0,0,0,0,23,0,0,0,0,0,0,0,0,0,0,0,0,0,0,0,0,0,0,0,0,0,0,0,0,0,0,0,0,0,0,0,0,0,0,0,0,0,0,0,0,fearPolygon,Nő,Female,51284.7511
61,96,171,130,528,121,158,163,506,479,340,267,472,21,9,287,0,29,22,5,11,0,58,0,38,39,0,41,415,49,60,20,724,0,530,0,95,9,683,24,0,0,0,0,0,0,0,0,146,9,0,0,0,0,9,2,1,108,48,0,0,0,0,0,0,0,519,0,0,0,0,0,0,0,0,0,0,0,186,252,0,364,0,0,0,137,0,0,0,0,0,44,17,0,0,0,2,0,0,25,0,41,40,0,0,14,0,0,0,49,0,0,34,0,0,5,0,0,0,0,113,4,0,0,74,0,0,22,0,0,0,0,0,0,31,0,0,0,0,0,0,0,0,0,0,0,0,0,0,0,0,0,0,29,0,5,0,0,0,0,0,0,0,0,0,0,0,0,0,0,0,0,0,0,0,0,0,0,0,0,0,0,0,0,0,0,0,0,0,0,0,0,0,0,0,0,0,0,0,0,0,0,0,0,0,0,0,0,0,0,0,0,0,0,0,0,0,0,0,0,0,0,0,0,0,0,0,0,0,0,0,0,0,0,0,0,0,0,0,0,0,0,0,0,0,0,0,0,0,0,0,0,0,0,0,0,0,0,0,0,0,0,0,0,0,0,0,0,0,0,0,0,0,0,0,0,0,0,0,0,0,0,0,0,0,0,0,0,0,0,0,0,0,0,0,0,0,0,0,0,0,0,0,0,0,0,0,0,0,0,0,0,0,0,0,0,0,0,0,0,fearPolygon,Nő,Female,27846.98173
62,738,153,76,2724,26,71,1601,3191,426,2348,447,921,92,0,2013,0,40,0,0,0,0,212,33,37,98,0,513,1671,574,337,0,4943,0,2379,29,190,37,4680,0,0,0,0,0,0,0,11,0,515,188,201,38,0,0,0,0,42,818,1032,23,23,0,0,0,0,0,3578,0,0,0,0,0,0,0,0,0,0,97,1025,530,0,2375,0,0,0,507,0,0,0,0,0,0,382,0,0,0,175,0,0,675,537,1077,146,0,0,177,0,32,0,2503,0,0,513,0,0,115,0,0,0,0,831,185,115,10,156,2,210,205,84,37,0,0,58,28,0,30,0,0,0,0,0,0,0,0,0,0,0,0,0,0,4,0,0,0,0,0,0,0,0,0,0,0,0,0,0,0,0,0,0,0,0,0,0,0,0,0,0,0,0,0,0,0,0,0,0,0,0,0,0,0,0,0,0,0,0,0,0,0,0,0,0,0,0,0,0,0,0,0,0,0,0,0,0,0,0,0,0,0,0,0,0,0,0,0,0,0,0,0,0,0,0,0,0,0,0,0,0,0,0,0,0,0,0,0,0,0,0,0,0,0,0,0,0,0,0,0,0,0,0,0,0,0,0,0,0,0,0,0,0,0,0,0,0,0,0,0,0,0,0,0,0,0,0,0,0,0,0,0,0,0,0,0,0,0,0,0,0,0,0,0,0,0,0,0,0,0,0,0,0,0,0,0,0,0,0,0,0,0,0,0,fearPolygon,Nő,Female,286615.182
63,1471,351,174,1693,145,290,903,1290,210,845,232,352,39,6,480,0,42,0,0,9,0,222,10,11,9,22,571,277,81,353,0,1398,6,672,48,121,16,1412,0,2,2,18,0,0,0,92,0,424,84,53,0,11,0,23,1,25,43,403,0,11,55,11,0,0,191,464,0,0,0,0,0,0,0,0,0,7,10,443,308,0,640,0,0,23,37,0,0,1,0,0,36,221,0,4,0,18,0,0,105,77,88,42,0,0,5,0,0,5,276,0,12,268,0,1,29,0,0,0,0,139,23,13,1,2,7,0,5,2,10,0,16,6,8,1,20,0,0,7,10,0,0,0,0,0,0,0,13,0,3,5,0,10,2,0,23,0,0,0,0,0,9,0,0,1,0,0,0,0,0,0,0,0,1,0,0,0,0,0,0,2,0,27,0,0,0,0,0,0,0,0,0,0,0,1,0,0,0,0,0,0,2,0,0,0,0,0,0,0,6,0,0,0,0,0,0,0,0,1,0,0,0,0,0,0,0,0,0,0,0,0,0,0,1,34,8,0,0,1,0,0,0,0,0,0,0,0,0,0,0,0,0,0,0,0,0,0,0,0,0,0,0,0,0,0,0,0,0,0,0,0,0,0,0,0,0,0,0,0,0,0,0,0,0,0,0,0,0,0,0,0,0,0,0,0,0,0,0,0,0,0,0,0,0,0,0,0,0,0,0,0,0,0,0,0,0,0,0,0,0,safePolygon,Nő,Female,3407.177395
64,240,80,43,655,44,83,420,783,243,498,87,352,50,0,300,0,24,0,0,0,0,46,0,0,37,6,325,484,80,189,0,933,20,489,0,161,24,686,0,0,15,1,0,0,0,48,0,247,132,1,3,0,1,1,1,25,71,280,0,0,66,0,0,0,22,381,6,0,0,0,0,0,0,0,0,0,0,76,74,0,163,0,0,38,88,0,0,3,0,0,0,205,0,0,0,34,0,0,0,0,126,0,0,0,0,0,0,0,18,0,0,0,0,0,29,0,0,0,0,16,66,0,0,0,0,0,0,0,0,0,0,0,0,0,0,0,0,0,0,0,0,0,0,0,0,0,0,0,9,0,0,0,0,0,0,0,0,0,0,0,0,0,52,0,0,0,0,0,0,0,0,0,0,0,0,0,0,0,0,10,0,0,0,0,0,0,0,0,0,0,0,0,0,0,0,0,0,0,0,0,0,0,0,0,0,0,0,0,0,0,0,0,0,0,0,0,0,0,0,0,0,0,0,0,0,0,0,0,0,0,0,0,0,0,0,0,0,0,0,0,0,0,0,0,0,0,0,0,0,0,0,0,0,0,0,0,0,0,0,0,0,0,0,0,0,0,0,0,0,0,0,0,0,0,0,0,0,0,0,0,0,0,0,0,0,0,0,0,0,0,0,0,0,0,0,0,0,0,0,0,0,0,0,0,0,0,0,0,0,0,0,0,0,0,0,0,0,0,0,safePolygon,Nő,Female,10164.67341
65,250,69,42,434,25,49,250,334,36,236,34,57,16,1,165,0,6,1,0,1,0,46,2,3,3,4,154,63,7,87,0,361,0,196,27,39,4,375,1,1,0,7,0,0,0,14,0,131,19,36,1,1,0,7,0,11,12,105,0,1,12,1,0,0,38,104,0,0,0,0,0,0,0,0,0,2,0,82,75,0,165,0,0,5,10,0,0,1,0,0,2,86,0,1,0,11,0,0,16,15,29,13,0,0,1,0,0,0,92,0,1,122,0,0,2,0,0,0,0,42,8,4,5,4,1,0,2,1,2,0,2,2,2,0,4,0,0,4,3,0,0,0,0,0,0,0,10,0,3,1,0,2,1,0,12,0,0,0,0,0,2,0,0,0,0,0,0,0,0,0,0,1,0,0,0,0,0,0,0,2,0,2,1,0,0,0,0,0,0,0,1,0,0,0,0,0,0,0,0,0,1,0,0,0,0,0,0,0,1,0,0,0,0,0,0,0,0,0,0,0,0,0,0,0,0,0,0,0,0,0,0,0,0,3,0,0,0,0,0,0,0,0,0,0,0,0,0,0,0,0,0,0,0,0,0,0,0,0,0,0,0,0,0,0,0,0,0,0,0,0,0,0,0,0,0,0,0,0,0,0,1,0,0,0,0,0,0,0,0,0,0,0,0,0,0,0,0,0,0,0,0,0,0,0,0,0,0,0,0,0,0,0,0,0,0,0,0,0,0,fearPolygon,Nő,Female,35501.79644
66,44770,5185,3412,47556,2673,4765,18902,27596,19110,18639,20149,28197,371,170,5003,61,964,51,21,225,0,2980,34,247,3392,117,5621,6184,17264,5201,123,26510,173,12605,404,975,240,41284,9,12,10,51,7,17,0,410,0,8275,3160,327,732,0,2,554,1548,779,3281,4201,0,44,185,0,0,0,577,15925,8,10,0,0,0,0,0,0,0,46,1723,29622,7475,0,15342,26,0,61,483,187,0,68,0,0,845,2487,17,1,0,278,7,0,2785,2403,836,932,53,0,25,2,0,21,10327,0,17,13566,0,0,3057,0,0,0,0,5939,324,909,232,656,114,40,58,0,3,744,465,61,75,4,88,0,82,310,2696,1,0,0,0,0,3,3,308,0,12,35,0,19,20,0,521,95,0,0,0,0,23,0,0,0,35,0,0,0,10,0,6,7,33,0,0,0,0,0,12,1,123,40,78,0,24,0,0,9,0,0,1,0,0,5,172,0,0,0,6,4,18,0,0,0,0,0,0,0,45,0,0,0,0,1,5,0,0,0,0,0,7,0,0,0,0,0,7,0,0,0,0,0,0,26,1,0,0,0,0,0,0,0,0,0,0,0,8,0,0,0,0,5,0,0,0,0,0,0,0,0,0,0,0,3,3,0,0,0,5,0,0,12,8,3,0,0,0,0,0,0,68,9,5,8,3,9,47,25,11,8,3,3,6,2,0,0,0,0,0,0,0,0,0,0,0,0,0,0,0,0,0,0,0,0,0,0,0,0,0,fearPolygon,Férfi,Male,7003.315374
67,1832,2024,1545,2883,1220,1871,1507,4640,2008,2894,1053,2375,676,0,2522,0,364,0,0,238,0,1848,80,217,190,26,1118,3885,569,300,51,5711,54,2465,113,288,94,5041,38,23,0,3,0,0,0,346,0,196,217,236,113,0,53,295,52,343,370,1222,0,146,254,0,0,0,260,2753,2,0,0,0,0,0,0,0,0,24,0,965,665,0,1231,0,0,2,120,0,74,43,0,0,296,200,0,0,0,104,28,0,653,160,1077,57,116,1,56,0,0,179,744,0,3,270,0,0,192,0,0,0,0,279,497,106,2,52,0,0,0,0,2,0,38,38,39,0,0,0,0,1,0,0,0,0,0,0,0,42,0,0,0,24,0,0,1,0,0,0,0,35,35,0,0,0,0,0,0,0,0,0,0,0,34,0,0,0,1,0,0,0,0,0,0,0,0,0,0,0,0,0,0,0,0,0,0,0,0,0,0,0,0,0,0,0,0,0,0,0,0,0,0,0,0,0,0,0,0,0,0,0,0,0,0,0,0,0,0,0,0,0,0,0,0,0,0,0,0,0,0,0,0,0,0,0,0,0,0,0,0,0,0,0,0,0,0,0,0,0,0,0,0,0,0,0,0,0,0,0,0,0,0,0,0,0,0,0,0,0,0,0,0,0,0,0,0,0,0,0,0,0,0,0,0,0,0,0,0,0,0,0,0,0,0,0,0,0,0,0,0,0,0,0,0,0,0,0,0,0,0,0,0,safePolygon,Férfi,Male,10689.38817
68,17385,3747,2573,28807,1755,2947,12987,19738,4823,13089,3902,7319,461,26,10187,0,573,75,13,98,0,2695,209,119,440,153,7062,3547,3514,5934,63,21946,129,14429,1480,2258,159,24828,44,82,35,202,14,2,0,789,0,6162,1449,2118,137,28,0,248,247,349,972,5397,0,43,555,28,0,0,1874,10482,58,0,0,0,0,0,0,0,0,85,196,9117,5045,0,10040,0,0,232,828,17,0,47,0,0,454,5621,0,5,0,427,0,0,827,1070,1836,1123,0,8,24,0,3,27,6329,0,134,10070,0,5,511,0,0,0,0,3320,583,643,193,523,279,15,80,27,134,31,254,34,71,21,32,0,0,156,902,0,0,0,0,0,0,0,531,0,77,70,0,68,59,2,1219,6,0,0,0,0,34,48,0,6,0,5,5,0,7,0,0,0,5,0,0,0,0,0,0,20,2,31,1,0,13,0,0,0,0,0,1,0,0,13,0,0,0,0,3,0,15,0,0,0,0,0,0,0,16,0,0,25,0,0,0,0,0,0,0,0,0,0,0,0,0,0,0,0,0,0,0,0,16,59,7,1,0,0,0,0,0,0,0,0,0,0,0,0,0,0,0,0,0,0,0,0,0,0,0,0,0,0,0,3,0,0,0,0,0,0,0,0,0,0,0,0,0,0,0,0,40,0,0,2,0,0,0,0,24,0,0,0,0,0,2,0,0,0,0,0,0,0,0,0,0,0,0,0,0,0,0,0,0,0,0,0,0,0,0,safePolygon,Férfi,Male,1059.051583
69,393,160,69,379,72,150,290,454,302,250,11,416,36,2,203,0,157,0,0,0,0,14,2,17,34,1,230,391,2,52,2,110,0,278,18,14,2,69,23,1,23,0,0,15,0,33,1,121,38,0,34,2,99,8,0,33,110,126,34,4,0,2,0,0,10,21,0,0,1,0,0,0,0,0,0,56,0,7,8,0,3,15,0,55,16,0,45,0,0,0,8,13,0,0,0,0,0,0,0,6,7,0,0,0,0,0,6,13,0,4,31,0,22,0,1,7,7,7,1,1,1,0,0,0,0,0,0,0,0,0,0,0,0,0,0,0,0,0,0,0,0,0,0,0,0,0,0,0,0,0,0,0,0,0,0,0,0,0,0,0,0,0,0,0,0,0,0,0,0,0,0,0,0,0,14,20,0,0,0,0,0,0,0,0,0,0,0,0,0,0,0,0,0,0,0,0,0,0,0,0,0,0,0,0,0,12,0,0,0,0,0,0,0,0,0,0,0,0,0,0,0,0,0,0,0,0,0,0,0,0,0,0,0,0,0,0,0,0,0,0,0,0,0,0,0,0,0,0,0,0,0,0,0,0,0,0,0,0,0,0,0,0,0,0,0,0,0,0,0,0,0,0,0,0,0,0,0,0,5,0,0,0,0,0,0,0,0,0,0,0,0,0,0,0,0,0,0,0,0,0,0,0,0,0,0,0,0,0,0,0,0,0,0,0,0,0,0,0,0,fearPolygon,Férfi,Male,6270.543209
70,52497,11334,6335,67768,4411,8340,31562,48411,13065,31443,10262,19692,1415,102,20546,0,1519,148,60,240,0,7189,299,390,971,874,18951,10779,7993,11219,0,55069,493,28190,2500,3786,377,59118,67,353,114,628,33,25,0,2448,7,17409,3224,2303,472,195,0,797,110,1221,2825,13094,0,177,1648,195,0,0,6551,23004,102,0,0,0,0,0,0,0,0,279,354,22806,13127,0,25546,0,0,683,1760,29,0,47,0,0,1818,9071,39,39,0,936,0,0,3031,2581,4491,2173,0,2,118,0,10,120,13449,0,582,13702,0,80,1315,0,0,0,0,6865,964,1145,181,854,158,26,234,184,457,25,993,173,315,170,161,0,0,535,1279,1,0,0,0,0,0,0,485,0,139,292,0,296,98,0,1030,52,0,0,0,0,179,0,0,52,0,0,0,0,25,0,0,13,77,0,0,0,0,0,9,79,0,201,5,14,0,0,0,0,0,0,10,0,0,13,24,0,0,0,31,0,76,0,0,0,0,0,0,0,124,0,0,95,0,0,0,0,0,0,0,0,0,0,0,0,0,0,0,0,0,0,0,0,44,353,52,36,0,0,0,0,0,0,0,0,0,0,0,0,0,0,0,0,0,0,0,0,0,0,0,0,0,0,0,4,0,0,0,0,0,0,0,0,0,0,0,0,0,0,0,0,84,0,0,0,0,0,0,0,0,0,0,0,0,0,0,0,0,0,0,0,0,0,0,0,0,0,0,0,0,0,0,0,0,0,0,0,0,0,0,fearPolygon,Nő,Female,25137.84803
71,223,56,35,307,27,56,203,354,111,197,57,201,29,0,136,0,14,0,0,0,0,39,0,0,34,0,117,286,66,90,0,440,0,216,1,42,13,277,0,0,16,0,0,0,0,31,0,143,45,10,0,0,0,0,1,13,61,105,0,0,13,0,0,0,20,162,0,0,0,0,0,0,0,0,0,0,0,16,15,0,40,0,0,31,86,0,0,0,0,0,1,79,0,0,0,3,16,0,0,0,30,0,0,0,0,0,0,0,3,0,0,0,0,0,15,0,0,0,0,0,25,1,0,1,0,0,0,0,0,0,0,0,0,0,0,0,0,0,0,0,0,0,0,0,0,0,0,0,2,0,0,0,2,0,0,0,0,0,0,0,0,0,15,0,0,0,0,0,0,0,1,0,0,0,0,0,0,0,0,1,0,0,0,0,0,0,0,0,0,0,0,0,0,0,0,0,0,0,0,0,0,0,0,0,0,0,0,0,0,0,0,0,0,0,0,0,0,0,0,0,0,0,0,0,0,0,0,0,0,0,0,0,0,0,0,0,0,0,0,0,0,0,0,0,0,0,0,0,0,0,0,0,0,0,0,0,0,0,0,0,0,0,0,0,0,0,0,0,0,0,0,0,0,0,0,0,0,0,0,0,0,0,0,0,0,0,0,0,0,0,0,0,0,0,0,0,0,0,0,0,0,0,0,0,0,0,0,0,0,0,0,0,0,0,0,0,0,0,0,fearPolygon,Nő,Female,99726.3896
72,429,107,52,997,52,120,613,1132,293,711,133,423,72,0,352,0,13,0,0,0,0,65,0,1,50,15,431,631,72,229,0,1310,26,650,0,191,15,948,0,0,17,0,0,1,0,63,0,311,225,0,5,0,0,0,0,16,127,353,0,0,62,0,0,0,25,494,15,0,0,0,0,0,0,0,0,0,0,110,112,0,277,0,0,36,136,0,0,4,0,0,1,343,0,0,0,43,0,0,0,0,188,0,0,0,0,0,0,0,40,0,0,0,0,0,36,0,0,0,0,25,94,0,0,1,0,0,0,0,0,0,0,0,0,0,0,0,0,0,0,0,0,0,0,0,0,0,0,0,14,0,0,0,0,0,0,0,0,0,0,0,0,0,49,0,0,0,0,0,0,0,0,0,0,0,0,0,0,0,0,13,0,0,0,0,0,0,0,0,0,0,0,0,0,0,0,0,0,0,0,0,0,0,0,0,0,0,0,0,0,0,0,0,0,0,0,0,0,0,0,0,1,0,0,0,0,0,0,0,0,0,0,0,0,0,0,0,0,0,0,0,0,0,0,0,0,0,0,0,0,0,0,0,0,0,0,0,0,0,0,0,0,0,0,0,0,0,0,0,0,0,0,0,0,0,0,0,0,0,0,0,0,0,0,0,0,0,0,0,0,0,0,0,0,0,0,0,0,0,0,0,0,0,0,0,0,0,0,0,0,0,0,0,0,0,0,0,0,0,0,safePolygon,Nő,Female,18924.05526
73,9567,3090,2577,11468,2223,2530,5151,10087,4316,6664,2928,6247,380,458,5150,210,971,739,0,389,0,1544,152,171,775,54,3433,4777,1484,2766,185,7671,161,7201,168,1410,197,7452,35,43,83,26,4,262,0,972,0,1137,1439,842,324,141,11,483,798,419,1619,1765,0,27,665,50,0,0,519,4394,16,187,0,0,0,0,0,0,0,133,275,3208,2000,13,2241,0,196,126,319,51,0,30,0,0,236,774,34,4,0,73,0,0,342,308,980,233,55,0,0,0,2,88,1119,0,76,1080,0,0,303,0,0,0,0,669,281,107,28,531,7,30,20,0,7,0,0,0,0,2,0,0,38,42,159,28,0,0,56,110,55,6,0,0,38,0,16,37,29,0,85,7,0,0,0,2,46,0,0,0,3,0,0,0,0,0,0,0,0,0,97,0,0,0,0,0,0,0,0,17,0,0,0,0,0,0,0,0,0,37,0,0,0,0,0,0,0,0,0,0,0,0,0,0,0,0,0,0,0,4,0,0,0,1,0,0,15,0,0,0,0,0,0,0,0,0,0,0,0,0,0,0,0,0,0,0,0,0,0,0,12,0,57,0,8,0,0,0,0,0,0,0,0,0,0,0,0,0,0,0,0,0,0,0,0,0,29,0,29,0,0,0,0,0,0,0,0,0,0,0,0,0,0,0,0,0,0,0,0,33,0,4,1,1,6,3,1,0,0,0,0,0,0,0,0,0,0,0,0,0,0,0,0,0,0,safePolygon,Nő,Female,15767.01334
74,1143,918,559,1401,482,938,556,1264,1714,518,795,1759,357,144,794,28,792,108,6,258,22,358,136,135,403,227,376,751,506,342,169,430,140,955,131,244,39,275,7,39,38,24,58,10,0,21,1,360,34,61,23,40,34,65,191,37,198,54,0,0,105,2,0,63,58,475,3,0,0,0,0,0,0,0,0,22,0,7,7,0,34,0,0,11,146,4,0,40,10,0,141,116,10,1,0,0,0,0,0,0,18,0,0,8,6,0,0,4,0,0,1,0,0,0,41,0,0,0,0,0,17,9,0,8,0,0,0,0,0,0,0,0,0,0,0,0,37,0,2,0,0,0,27,0,0,0,0,0,10,0,0,0,0,0,0,0,8,0,0,0,0,0,0,0,9,0,0,0,0,0,0,0,21,0,10,0,0,0,0,0,0,0,0,0,0,0,22,0,0,11,0,0,0,0,0,0,0,0,12,0,5,0,0,0,0,8,0,0,0,0,0,0,0,0,0,0,0,0,0,0,0,0,0,0,0,0,0,0,0,0,0,0,0,0,0,0,0,0,0,0,0,0,0,0,0,0,0,0,0,0,0,0,0,0,0,0,0,0,0,0,0,0,0,0,0,6,0,0,0,0,0,0,0,0,0,0,0,0,0,0,0,0,0,0,0,0,6,0,0,0,0,0,0,0,0,0,0,0,0,0,0,1,0,0,0,0,0,0,0,0,0,0,0,0,0,0,0,0,0,fearPolygon,Férfi,Male,247333.5944
75,2301,530,381,2294,285,517,1147,1489,1103,982,946,1531,25,6,297,0,26,0,0,7,0,187,0,38,251,0,154,423,847,164,0,1934,0,642,0,86,20,2461,0,0,0,0,0,0,0,15,0,391,190,16,22,0,0,45,9,45,100,124,0,0,0,0,0,0,32,970,0,0,0,0,0,0,0,0,0,0,56,1233,360,0,740,0,0,0,0,5,0,11,0,0,25,98,0,0,0,14,0,0,109,196,214,30,0,0,0,0,0,0,467,0,0,263,0,0,103,0,0,0,0,194,22,80,0,5,0,0,0,0,0,37,0,22,22,0,0,0,0,22,59,0,0,0,0,0,0,12,56,0,0,0,0,0,12,0,0,0,0,0,0,0,0,0,0,0,0,0,0,0,0,0,0,0,0,0,0,0,0,0,0,0,0,0,0,0,0,0,0,0,0,0,0,0,0,0,0,0,0,0,0,0,0,0,0,0,0,0,0,0,0,0,0,0,0,0,0,0,0,0,0,0,0,0,0,0,0,0,0,0,0,0,0,0,0,0,0,0,0,0,0,0,0,0,0,0,0,0,0,0,0,0,0,0,0,0,0,0,0,0,0,0,0,0,0,0,0,0,0,0,0,0,0,0,0,0,0,0,0,0,0,0,0,0,0,0,0,0,0,0,0,0,0,0,0,0,0,0,0,0,0,0,0,0,0,0,0,0,0,0,0,0,0,0,0,0,0,0,0,0,0,fearPolygon,Nő,Female,51567.16498
76,189,60,9,175,9,43,137,244,124,143,13,200,13,0,94,0,65,0,0,0,0,21,0,1,11,0,121,216,0,31,0,66,0,164,11,5,0,60,12,0,12,0,0,0,0,14,0,51,24,0,11,0,72,0,0,7,58,71,8,0,0,0,0,0,11,16,0,0,0,0,0,0,0,0,0,34,0,13,14,0,7,1,0,36,6,0,8,0,0,0,13,12,0,0,0,0,0,0,0,9,14,0,0,0,0,0,2,18,0,0,13,0,13,0,4,9,9,9,0,0,0,0,0,0,0,0,0,0,0,0,0,0,0,0,0,0,0,0,0,0,0,0,0,0,0,0,0,0,0,0,0,0,0,0,0,0,0,0,0,0,0,0,0,0,0,0,0,0,0,0,0,0,0,0,1,12,0,0,0,0,0,0,0,0,0,0,0,0,0,0,0,0,0,0,0,0,0,0,0,0,0,0,0,0,0,1,0,1,0,0,0,0,0,0,0,0,0,0,0,0,0,0,0,0,0,0,0,0,0,0,0,0,0,0,0,0,0,0,0,0,0,0,0,0,0,0,0,0,0,0,0,0,0,0,0,0,0,0,0,0,0,0,0,0,0,0,0,0,0,0,0,0,0,0,0,0,0,0,9,0,0,0,0,0,0,0,0,0,0,0,0,0,0,0,0,0,0,0,0,0,0,0,0,0,0,0,0,0,0,0,0,0,0,0,0,0,0,0,0,safePolygon,Férfi,Male,331659.9048
77,468,203,144,503,175,230,324,386,177,284,75,177,21,0,52,0,61,0,0,59,0,243,0,3,3,0,196,143,17,73,0,273,0,225,2,10,5,202,0,0,0,0,0,0,0,30,0,45,130,45,0,0,0,45,0,53,41,81,0,0,18,0,0,0,67,30,0,0,0,0,0,0,0,0,0,0,0,11,17,0,15,0,0,0,0,0,0,0,0,0,59,12,0,0,0,1,0,0,6,6,7,0,90,11,20,20,0,0,0,0,0,1,0,0,0,0,0,0,0,0,0,0,0,0,0,0,0,0,0,0,0,5,0,1,0,0,0,0,0,0,0,0,0,0,0,0,0,0,0,0,0,0,0,0,0,0,0,0,0,0,0,0,0,0,0,0,0,0,0,0,0,0,0,0,0,0,0,0,0,0,0,1,0,0,0,0,0,0,0,0,0,0,0,0,0,0,8,0,0,0,0,0,0,0,0,0,0,0,0,0,0,0,0,0,0,0,0,0,0,0,0,0,0,0,0,0,0,0,0,0,0,0,0,0,0,0,0,0,0,0,0,0,0,0,0,0,0,0,0,0,0,0,0,0,0,0,0,0,0,0,0,0,0,0,0,0,0,0,0,0,0,0,0,0,0,0,0,0,0,0,0,0,0,0,0,0,0,0,0,0,0,0,0,0,0,0,0,0,0,0,0,0,0,0,0,0,0,0,0,0,0,0,0,0,0,0,0,0,0,safePolygon,Férfi,Male,0
78,5437,2612,1611,4790,1526,2159,4161,5993,4429,4070,1239,5624,752,51,1513,0,1440,0,0,186,0,1421,129,101,578,225,3127,5235,908,769,0,5010,127,3045,278,492,94,5022,77,346,138,63,0,64,0,299,28,2795,713,72,286,0,370,297,32,188,963,1543,118,669,162,0,0,16,508,1604,45,2,0,0,0,0,0,0,0,135,202,407,847,61,627,0,0,112,189,0,18,0,28,0,410,261,40,0,75,0,0,0,114,63,553,0,0,177,0,0,64,156,5,0,0,0,1,23,282,109,0,0,0,55,63,0,0,1,0,0,0,57,0,0,0,0,0,0,0,0,0,0,0,27,0,0,0,0,0,0,0,37,0,0,0,0,0,0,0,0,0,0,0,0,0,0,0,0,0,0,0,0,6,0,0,0,57,0,50,36,0,0,0,0,0,0,0,43,0,67,0,0,0,0,0,0,0,0,0,0,0,0,0,0,0,0,0,0,0,171,0,22,23,0,0,0,0,0,0,0,0,0,0,0,0,0,49,0,0,0,0,24,71,0,0,0,0,0,0,0,0,0,0,0,0,0,0,0,0,0,0,0,0,0,0,0,0,0,0,0,0,0,0,0,0,0,0,0,0,0,0,0,0,0,0,0,0,0,0,0,0,0,0,0,0,0,0,0,0,0,0,0,0,0,0,0,0,0,0,0,0,0,0,0,0,0,0,0,0,0,0,0,0,0,0,0,0,0,0,0,0,0,0,fearPolygon,Férfi,Male,39601.37625
79,1169,397,311,1175,300,360,439,1033,36,567,38,192,39,0,822,0,131,17,0,42,0,229,90,18,0,27,285,312,1,328,0,804,111,1054,101,458,21,866,129,30,22,88,23,175,0,123,0,137,78,44,0,0,0,41,20,39,32,34,0,0,266,0,0,0,91,377,5,69,0,0,0,0,0,0,0,79,0,233,271,0,182,0,0,153,41,0,0,0,1,0,0,81,110,23,0,0,14,0,41,20,24,6,0,0,0,0,0,0,112,0,99,133,0,0,0,0,0,0,0,24,0,0,0,6,0,0,0,0,0,0,0,0,0,0,0,0,0,0,17,0,0,0,14,0,0,0,22,0,0,15,0,0,0,0,14,0,0,0,0,0,0,0,14,0,0,0,0,0,0,0,0,0,0,0,0,0,0,0,0,0,0,0,0,116,0,0,0,0,0,0,0,0,0,0,0,0,0,0,0,0,0,0,0,0,0,0,0,0,0,0,0,0,0,26,0,0,0,0,0,0,0,0,0,0,0,0,0,0,0,4,88,0,0,0,0,0,0,0,0,0,0,0,0,0,1,0,0,0,0,0,0,0,0,0,0,0,0,0,0,0,0,0,0,0,0,0,0,0,0,0,0,0,0,0,0,0,0,0,0,0,0,0,0,0,0,0,0,0,0,0,0,0,0,0,0,0,0,0,0,0,0,0,0,0,0,0,0,0,0,0,0,0,0,0,0,0,0,0,0,fearPolygon,Nő,Female,15713.38476
80,271,290,240,384,192,297,188,345,0,57,0,49,129,0,171,0,1,0,0,0,0,242,131,29,0,21,122,26,0,34,0,107,0,223,18,25,23,175,2,1,1,10,0,2,0,72,0,0,84,85,0,0,1,96,0,148,48,0,0,18,50,0,0,0,44,31,0,0,0,0,0,0,0,0,0,23,0,0,33,0,62,0,0,2,0,0,0,0,0,0,0,85,0,0,0,0,0,0,0,0,0,0,0,0,0,0,0,0,68,0,10,0,0,0,0,0,0,0,0,0,0,0,0,0,0,0,0,0,0,0,0,0,0,0,0,0,0,0,0,0,0,0,0,0,0,0,0,0,0,0,0,0,0,0,0,0,0,0,0,0,0,0,0,0,0,0,0,0,0,0,0,0,0,0,0,0,0,0,0,0,0,0,34,0,0,0,0,0,0,0,0,0,0,0,0,0,0,0,0,0,0,0,0,0,0,0,0,0,0,0,0,0,0,0,0,0,0,0,0,0,0,0,0,0,0,0,0,0,29,0,0,0,0,0,0,0,0,0,0,0,0,0,0,0,0,0,0,0,0,0,0,0,0,0,0,0,0,0,0,0,0,0,0,0,0,0,1,0,0,0,0,0,0,0,0,0,0,0,0,0,0,0,0,0,0,0,0,0,0,0,0,0,0,0,0,0,0,0,0,0,0,0,0,0,0,0,0,0,0,0,0,0,0,0,0,0,0,0,0,safePolygon,Férfi,Male,4811.022456
81,44202,12575,7648,64817,6110,10160,31827,47241,11166,31261,8374,15087,1734,182,22979,0,1573,262,1,689,5,9081,357,393,1510,636,16410,12805,5584,10585,269,52424,562,29495,3184,5172,332,56807,130,337,228,433,43,158,0,2431,10,16179,2939,4071,376,143,45,1350,346,1456,2123,12150,73,414,1565,89,0,0,5463,21608,48,0,0,0,0,0,0,0,0,405,1274,16513,10406,0,22769,0,0,543,1522,40,13,146,0,0,1068,10646,5,16,0,1143,50,0,3508,2301,4082,2688,222,60,149,47,15,250,14553,0,258,20039,0,46,964,0,0,0,0,9013,1101,711,603,680,236,14,212,140,326,185,992,155,227,94,126,1,0,438,847,0,13,0,8,7,0,4,900,0,153,288,0,218,208,50,2064,8,11,58,31,15,159,10,1,11,100,350,178,16,75,39,46,22,30,0,40,0,0,0,0,30,0,115,4,0,20,0,0,0,0,0,11,0,0,14,2,0,0,0,22,0,36,0,0,0,0,0,0,0,38,0,0,10,0,0,0,0,0,0,0,0,0,0,0,0,0,0,0,0,0,0,0,0,24,206,32,4,0,10,12,0,0,0,0,0,0,0,0,5,0,0,0,0,0,0,0,0,0,0,0,0,0,0,0,2,0,0,0,0,0,0,0,0,0,0,0,0,0,0,0,0,78,0,0,0,0,0,0,0,71,0,0,14,0,0,0,0,0,0,0,0,0,0,97,85,6,2,28,0,0,0,0,0,0,0,0,0,0,0,0,safePolygon,Nő,Female,3052.083179
82,860,1079,888,2325,705,895,1442,2277,177,1581,234,414,275,0,848,0,40,0,0,29,0,929,6,11,138,29,765,478,118,352,0,3011,30,1144,72,43,17,2494,0,0,0,0,0,0,0,75,0,482,264,308,0,0,0,101,0,31,205,607,0,48,7,0,0,0,287,927,0,0,0,0,0,0,0,0,0,0,0,510,473,0,1136,0,0,0,436,40,0,0,0,0,0,500,0,0,0,42,0,0,330,339,360,0,0,0,0,0,0,35,689,0,0,524,0,0,0,0,5,0,0,302,0,56,13,12,0,0,0,0,0,29,20,0,87,0,0,0,1,0,0,0,0,0,0,0,0,0,0,0,17,0,0,0,0,0,0,0,0,0,0,0,0,0,0,0,2,0,0,0,0,17,0,0,8,0,0,0,0,0,0,0,0,0,0,0,0,0,0,0,17,0,0,0,0,0,0,0,0,0,8,0,8,0,0,0,0,0,0,0,0,0,0,0,0,0,0,0,0,0,0,0,0,0,0,0,0,0,0,0,0,0,0,0,0,0,0,0,0,0,0,0,0,0,0,0,0,0,0,0,0,0,0,16,0,0,0,0,0,0,0,0,0,0,0,0,0,0,0,0,0,0,0,0,0,0,0,0,0,0,0,0,0,0,0,0,0,0,0,0,0,0,0,0,0,0,0,0,0,0,0,0,0,0,0,0,0,0,0,0,0,0,0,0,0,0,0,0,0,0,0,safePolygon,Nő,Female,3047.01709
83,46534,19175,10380,52024,9367,13642,28814,43216,26525,31021,16692,30529,2635,1028,16312,118,6714,926,165,3146,632,9240,1328,1320,5014,1753,16743,20828,8843,8312,747,43218,978,21623,1363,2854,802,45223,183,630,297,445,129,171,0,1327,36,15425,3512,440,757,774,560,2217,1684,2251,4156,9754,48,686,1256,472,208,637,4665,19156,0,0,87,0,90,0,1,0,0,59,705,14702,8439,0,15215,0,0,444,1743,214,72,210,0,0,2182,3621,0,115,0,223,0,0,2816,2028,3600,592,14,37,100,0,0,82,3415,2,162,4451,0,62,1867,0,0,0,0,2622,1256,1554,0,576,137,0,111,140,300,167,195,51,223,59,277,0,127,0,242,47,0,0,74,0,0,0,0,0,0,72,0,77,92,0,2,4,0,0,0,0,218,0,0,1,142,0,0,0,69,0,92,0,97,0,0,0,0,0,0,0,0,287,69,0,0,0,0,0,0,0,0,0,0,19,0,0,0,0,35,0,84,0,0,0,0,0,0,0,114,0,0,0,0,0,0,0,0,0,0,0,0,0,0,0,0,0,0,0,0,0,37,0,0,287,34,0,0,0,0,35,83,0,0,0,0,0,0,0,0,0,0,0,0,0,0,0,0,0,89,0,0,0,0,0,0,0,0,0,0,0,0,0,0,0,0,0,0,0,0,0,0,0,0,0,0,0,0,0,0,0,0,0,0,0,0,0,0,0,0,0,0,0,0,0,0,0,0,83,0,0,0,0,0,0,0,0,0,0,0,fearPolygon,Nő,Female,392366.7089
84,38841,9874,6651,49032,5436,8130,21698,33164,9085,20224,6508,13002,1428,43,13439,0,1241,279,28,308,10,6842,295,577,1063,507,10997,8948,5133,6213,113,41367,437,19636,1509,3194,352,44176,38,122,115,435,41,116,0,1343,10,11684,2023,806,314,145,12,1510,270,1382,1815,7910,0,328,1204,99,0,0,3792,16652,66,0,0,0,0,0,0,0,0,357,2623,16817,9037,0,18964,0,0,307,1041,17,0,207,0,0,1016,5257,0,3,0,406,0,0,4126,3235,3448,1291,22,10,99,0,21,41,14598,0,207,13338,0,32,1054,0,0,0,0,7071,494,974,126,759,214,134,81,83,200,89,1218,246,237,78,192,0,0,427,848,67,24,0,0,10,0,0,177,0,187,166,0,137,140,45,132,21,0,0,0,0,51,13,0,0,20,379,208,0,10,0,0,3,28,0,54,0,0,0,0,77,51,195,14,0,38,0,0,0,0,0,14,0,0,16,47,0,0,0,13,3,42,0,0,0,0,0,0,0,37,0,0,27,0,0,0,0,0,0,0,0,0,0,0,0,0,0,0,0,0,0,0,0,31,159,14,0,0,24,25,0,0,0,0,0,0,0,0,8,0,0,0,0,0,0,0,0,0,0,0,0,0,0,0,5,0,0,0,0,0,0,0,0,0,0,0,0,0,0,0,0,24,44,0,115,0,0,0,0,93,0,0,0,0,0,0,0,0,0,0,0,0,0,130,95,16,25,7,0,12,0,0,0,0,0,0,0,0,0,0,fearPolygon,Férfi,Male,0
85,5793,13420,10215,18861,9231,11928,9398,18026,8230,9487,6228,15181,3579,73,6112,9,1524,356,24,222,0,7040,1044,1292,2006,246,4889,14264,1172,3037,29,20175,110,10919,604,1901,1090,20614,38,82,0,38,3,36,11,332,0,5460,1313,1390,464,0,151,3165,605,3372,2691,1910,59,518,432,0,0,40,501,8566,0,0,0,0,0,0,0,0,0,200,330,3745,3581,0,4511,23,0,172,1887,99,672,77,0,0,724,3606,102,2,0,713,81,0,359,264,2451,329,16,46,43,0,26,50,1457,0,35,993,1,0,946,6,0,0,15,876,291,172,33,427,76,40,171,18,69,0,2,13,26,21,0,0,16,0,172,44,0,24,26,0,0,0,27,0,197,12,1,0,8,6,27,0,0,0,0,0,0,30,0,0,127,0,0,0,0,0,0,0,21,0,2,2,0,0,1,0,0,10,6,47,5,219,58,0,0,8,25,0,0,0,1,6,0,0,0,74,10,0,0,0,0,21,0,14,0,0,0,15,29,0,0,0,0,0,2,11,0,0,0,32,12,72,15,0,0,0,0,3,0,0,0,0,0,0,0,0,0,0,0,0,0,0,0,0,0,0,0,0,0,0,0,0,0,0,0,0,0,0,0,0,0,0,0,0,0,0,1,0,0,0,0,8,0,0,0,0,0,0,0,0,0,0,0,0,0,0,0,0,0,0,0,0,0,0,0,0,0,0,0,0,0,0,0,0,0,0,0,0,0,0,0,0,0,0,0,fearPolygon,Férfi,Male,519827.7693
86,2672,1190,766,2372,656,993,1955,2776,2055,1860,709,2762,379,14,776,0,709,0,0,94,0,639,130,15,308,161,1316,2304,512,358,0,2170,65,1360,84,305,55,2423,81,156,70,29,12,67,0,167,0,1199,534,59,158,0,153,197,95,123,570,461,37,254,111,0,0,2,213,695,26,39,0,0,0,0,0,0,0,105,93,279,383,36,395,9,0,63,66,0,1,0,18,0,116,138,29,0,29,0,0,0,17,8,208,8,14,50,0,0,19,50,0,0,18,26,0,1,175,41,0,0,0,79,0,0,0,9,0,0,0,20,24,0,0,0,0,0,0,0,0,0,0,42,0,0,0,0,0,0,0,27,0,0,0,0,0,0,0,0,0,0,0,0,0,0,0,0,0,0,0,0,19,0,0,0,13,0,15,0,0,0,0,0,0,0,0,34,0,18,0,0,0,0,0,0,0,0,0,0,0,0,0,0,0,0,0,0,0,56,0,31,0,0,4,0,0,0,0,0,0,0,0,0,0,0,13,0,0,0,0,25,25,0,0,0,0,0,0,0,0,0,0,0,0,0,0,0,0,0,0,0,0,0,0,0,0,0,0,0,0,0,0,0,0,0,0,0,0,0,0,0,0,0,0,0,0,0,0,0,0,0,0,0,0,0,0,0,0,0,0,0,0,0,0,0,0,0,0,0,0,0,0,0,0,0,0,0,0,0,0,0,0,0,0,0,0,0,0,0,0,0,0,safePolygon,Férfi,Male,10930.81849
87,2216,2354,1857,2626,1606,2324,1456,2551,2004,1626,1132,3126,494,30,757,21,367,83,40,99,0,1294,112,213,228,98,763,2165,163,269,119,3474,19,1593,49,228,260,4065,17,2,31,22,17,6,0,52,0,1040,91,197,98,29,0,521,232,471,192,315,13,100,93,0,0,28,153,1363,0,0,0,0,0,2,0,0,0,6,69,683,767,0,558,6,0,24,145,19,48,0,0,0,162,203,0,10,0,0,32,0,56,52,467,28,0,6,7,0,2,6,216,0,32,82,0,0,228,0,0,0,0,196,57,8,0,16,4,5,12,1,0,0,0,13,3,6,0,0,10,0,0,0,0,0,17,0,0,0,0,0,0,21,0,0,6,0,0,0,7,0,0,0,11,0,2,0,0,0,0,0,0,13,0,0,22,0,13,0,0,0,0,0,0,0,0,16,0,0,0,0,0,0,0,0,0,0,0,0,0,0,13,10,0,0,0,0,0,0,0,0,0,0,0,0,0,9,0,0,0,0,0,0,0,0,0,8,0,5,0,0,0,0,0,0,0,0,0,0,0,0,0,0,0,0,0,0,0,0,0,0,0,0,0,0,0,0,0,0,0,0,0,0,2,0,10,12,12,0,0,0,0,0,0,0,0,0,0,0,0,0,0,0,0,0,0,0,0,0,0,0,0,0,0,0,0,0,0,0,0,0,0,0,0,0,0,0,0,0,0,0,0,0,0,0,0,0,0,0,0,0,0,safePolygon,Férfi,Male,4308.369485
88,1446,593,572,2182,437,423,1170,1919,881,1369,779,1365,68,62,595,24,165,94,0,81,0,247,22,17,249,0,590,824,405,358,16,1846,0,1056,17,149,52,2051,0,1,0,0,0,22,0,23,1,307,110,117,40,22,6,68,155,97,301,483,0,9,69,2,0,0,21,1029,0,29,0,0,0,0,0,0,0,0,123,942,473,0,584,0,29,0,35,6,0,0,0,0,58,193,0,0,0,51,0,0,154,140,289,44,19,19,0,0,0,37,388,0,0,280,0,0,58,0,0,0,0,215,24,16,0,68,0,7,21,0,0,0,0,0,0,1,0,0,12,26,41,12,0,0,0,7,10,0,4,0,0,0,9,0,0,0,0,0,0,0,0,0,0,0,0,0,0,0,0,0,0,0,0,0,0,0,0,10,0,0,0,0,0,0,0,0,0,0,0,0,0,0,0,0,0,0,0,0,0,0,0,0,0,0,0,0,0,0,0,0,0,0,0,0,0,0,0,0,0,0,0,0,0,0,0,0,0,0,0,0,0,0,0,0,0,0,0,0,0,0,0,0,0,0,0,0,0,0,0,0,1,0,0,0,0,0,0,0,0,0,0,0,0,0,0,0,0,0,0,0,0,0,0,0,0,0,0,0,0,0,0,0,0,0,0,0,0,0,0,0,0,0,0,0,0,0,0,29,0,0,0,0,0,0,0,0,0,0,0,0,0,29,0,0,0,0,0,0,0,0,0,safePolygon,Férfi,Male,8641.958448
89,38236,3515,2149,44765,1824,3255,18704,26175,9929,21144,16451,20886,371,0,7131,0,142,50,0,68,0,1258,63,199,2001,69,6836,8368,14065,7280,0,22539,38,18415,762,2004,178,36941,37,0,0,30,0,0,0,1023,0,8107,1817,611,148,0,0,223,278,177,2357,4881,0,5,83,0,0,0,806,17524,18,0,0,0,0,0,0,0,0,68,1435,26125,6427,0,19496,17,0,181,2149,1,0,66,0,0,414,2803,0,0,0,418,2,0,1406,913,757,1276,0,16,0,0,0,0,7828,0,27,14271,0,1,1225,0,0,0,0,4884,204,347,13,1793,73,8,63,0,0,500,22,29,119,4,0,0,10,5,2055,0,0,0,0,0,0,20,250,0,0,32,8,12,79,0,1014,4,0,0,0,0,8,0,0,0,64,0,0,0,7,0,0,0,17,0,0,0,0,0,18,0,0,0,10,40,0,0,12,1,0,0,0,0,11,1,0,0,0,0,17,0,17,0,0,0,0,0,7,0,35,0,0,0,0,0,0,0,0,0,0,0,20,0,0,0,0,0,0,0,0,0,0,0,0,11,0,0,0,0,0,17,0,0,0,0,0,0,0,21,0,0,0,12,0,0,0,0,0,0,0,0,0,0,0,0,0,0,0,0,0,0,0,0,0,0,0,0,0,0,0,0,0,25,20,0,0,0,0,0,58,0,0,0,0,0,0,7,0,0,0,0,1,0,0,0,0,0,0,0,0,0,132,34,1,0,0,0,0,0,0,safePolygon,Férfi,Male,23109.2548
90,10299,2826,2107,16594,1803,2572,5998,12354,562,6543,1014,1803,773,12,9474,0,333,17,0,29,0,2227,534,143,218,161,2621,2337,486,5457,0,9294,127,11901,164,2089,211,9357,20,66,42,78,22,41,0,2023,0,1562,2455,1363,13,0,34,315,140,726,1243,1130,0,40,404,0,0,0,1032,4071,2,0,0,0,0,0,0,0,0,104,166,3834,3164,27,3889,0,0,279,1330,12,0,20,0,0,226,3103,1,10,0,228,2,0,237,181,758,1749,12,11,4,0,10,8,5306,0,80,6208,0,0,40,0,0,0,0,2132,112,2,25,66,578,11,5,16,43,0,25,0,13,14,0,3,0,0,208,24,0,0,19,0,0,0,1038,0,2,53,17,8,17,2,1951,0,31,0,0,0,0,0,0,2,21,1,0,0,0,0,0,0,1,0,37,0,0,0,0,5,0,3,142,21,266,0,0,39,0,0,0,0,56,0,0,0,0,0,1,73,1,0,0,0,0,0,0,0,0,0,0,0,0,0,0,0,0,15,0,3,0,0,0,0,0,0,0,0,34,0,0,0,0,0,1,0,0,0,0,0,0,0,0,0,37,1,22,15,0,0,0,0,0,0,1,0,0,0,0,0,0,0,0,0,0,0,11,0,22,3,5,0,25,0,2,9,3,0,0,0,0,0,0,0,0,0,0,0,0,0,0,0,0,0,0,0,0,0,0,0,0,0,0,2,0,0,0,0,0,0,0,0,0,1,3,0,0,0,0,fearPolygon,Férfi,Male,1058849.96
91,28049,15979,8015,36183,7697,12100,20952,31864,24414,23136,17155,26518,2620,651,10240,0,5435,599,34,2483,0,8031,557,532,4975,1306,8053,18767,10274,4743,598,37621,684,15343,755,2151,403,40692,240,83,175,148,0,50,0,548,0,13544,2212,931,1120,0,44,1661,1826,1949,3941,5367,17,449,258,0,0,31,1996,19239,1,0,0,0,0,0,0,0,0,114,1205,13127,6092,0,8954,0,0,0,1856,170,245,277,0,0,2320,3143,3,0,0,502,123,0,2447,2052,3081,391,118,0,327,0,0,122,2379,0,138,2530,0,21,1889,0,0,0,0,1119,1269,467,0,1214,126,7,104,154,278,276,127,45,176,48,56,0,111,76,1492,0,9,0,65,0,0,0,0,0,0,107,0,0,0,0,0,0,0,66,30,27,0,0,0,0,160,0,0,77,284,0,9,0,64,0,0,0,0,0,0,0,0,141,69,0,0,0,0,0,0,0,0,0,0,0,0,0,0,0,23,0,48,0,0,0,0,0,0,0,0,0,0,0,0,0,6,0,0,0,0,0,0,0,0,0,0,0,0,0,0,0,0,0,0,0,0,0,0,0,44,23,0,0,0,0,0,0,0,0,0,0,0,0,0,0,0,0,0,0,0,0,0,0,0,0,0,0,0,0,0,0,0,0,0,0,0,0,0,0,0,0,0,0,0,0,68,0,0,0,0,0,0,0,0,0,0,0,0,0,0,0,0,0,0,0,0,0,0,0,0,0,0,0,0,0,0,0,0,0,0,fearPolygon,Nő,Female,1288798.931
92,1639,384,192,1749,163,357,1009,1030,1033,863,782,1235,0,13,21,0,15,0,0,22,0,293,0,7,212,0,254,346,626,158,0,1104,0,172,27,19,0,1849,0,0,0,0,0,0,0,0,0,199,315,10,45,0,0,29,9,41,37,231,0,0,0,0,0,0,61,435,0,0,0,0,0,0,0,0,0,0,1,1110,277,0,455,0,0,0,9,0,0,0,0,0,44,27,0,0,0,0,0,0,79,77,94,10,0,0,0,0,0,0,66,0,0,69,0,0,112,0,0,0,0,17,19,193,0,7,0,0,0,0,0,38,0,0,1,8,6,0,0,12,111,0,0,0,0,0,0,0,0,0,0,0,0,0,0,0,0,5,0,0,0,0,0,0,0,0,0,0,0,0,12,0,0,0,0,0,0,0,0,0,0,0,0,6,0,0,0,0,0,0,0,0,0,0,0,0,0,0,0,0,0,0,0,0,0,0,0,0,0,0,0,0,0,0,0,0,0,0,0,0,16,0,0,0,0,0,0,0,0,0,0,0,0,0,0,1,0,0,0,0,0,0,0,0,0,0,0,0,0,0,0,0,0,0,0,0,0,0,0,0,0,0,0,0,0,0,0,0,0,0,0,0,0,0,0,0,0,0,0,0,0,0,0,0,0,0,0,0,22,0,0,0,0,0,0,0,0,0,0,0,0,0,0,0,0,0,0,0,0,0,0,0,0,0,0,0,0,0,0,0,0,safePolygon,Nő,Female,15891.63617
93,165,42,18,631,14,49,368,715,163,653,97,246,16,0,545,0,0,0,0,0,0,52,3,14,38,0,171,430,139,127,0,1273,0,517,1,78,14,1121,0,0,0,0,0,0,0,24,0,80,27,19,34,0,0,0,0,1,161,306,9,11,0,0,0,0,1,989,0,0,0,0,0,0,0,0,0,0,39,222,172,0,569,0,0,0,81,0,0,0,0,0,0,69,0,0,0,18,0,0,189,211,261,35,0,0,52,0,15,0,762,0,0,201,0,0,50,0,0,0,0,242,34,36,0,56,0,39,93,0,0,0,14,18,20,0,0,0,0,0,0,0,0,0,0,0,0,0,0,0,0,0,0,0,0,0,0,0,0,0,0,0,0,0,0,0,0,0,0,0,0,0,0,0,0,0,0,0,0,0,0,0,0,0,0,0,0,0,0,0,0,0,0,0,0,0,0,0,0,0,0,0,0,0,0,0,0,0,0,0,0,0,0,0,0,0,0,0,0,0,0,0,0,0,0,0,0,0,0,0,0,0,0,0,0,0,0,0,0,0,0,0,0,0,0,0,0,0,0,0,0,0,0,0,0,0,0,0,0,0,0,0,0,0,0,0,0,0,0,0,0,0,0,0,0,0,0,0,0,0,0,0,0,0,0,0,0,0,0,0,0,0,0,0,0,0,0,0,0,0,0,0,0,0,0,0,0,0,0,0,0,0,0,0,0,0,0,0,0,0,0,fearPolygon,Nő,Female,61870.50567
94,1009,156,135,1034,161,274,646,967,185,673,94,218,0,0,227,0,0,0,0,0,0,460,0,19,0,0,607,593,4,119,0,950,0,564,1,68,0,530,0,0,0,0,0,0,0,67,0,144,135,1,0,0,0,6,0,33,51,186,0,31,0,0,0,0,77,190,0,0,0,0,0,0,0,0,0,0,0,24,77,0,235,0,0,0,0,0,0,0,2,0,37,0,0,0,0,0,0,0,0,0,99,18,155,65,9,24,33,19,0,0,0,0,0,0,2,0,0,0,0,16,0,0,0,0,0,0,0,0,0,0,0,0,0,0,0,0,0,0,0,0,0,0,0,0,0,0,0,0,0,0,0,0,0,0,0,0,0,0,0,0,0,0,0,0,0,0,0,0,0,0,0,0,0,0,0,0,0,0,0,0,0,0,0,0,0,0,0,0,0,0,0,0,0,0,0,0,0,0,0,0,0,0,0,0,0,0,0,0,0,0,0,0,0,0,0,0,0,0,0,0,0,0,0,0,0,0,0,0,0,0,0,0,0,0,0,0,0,0,0,0,0,0,0,0,0,0,0,0,0,0,0,0,0,0,0,0,0,0,0,0,0,0,0,0,0,0,0,0,0,0,0,0,0,0,0,0,0,0,0,0,0,0,0,0,0,0,0,0,0,0,0,0,0,0,0,0,0,0,0,0,0,0,0,0,0,0,0,0,0,0,0,0,0,0,0,0,0,0,0,safePolygon,Nő,Female,307281.0659
95,6603,3334,2060,6376,1948,2724,5005,6800,4288,4489,1440,5692,754,42,1383,0,1240,21,0,194,0,2062,135,330,378,168,2977,5944,848,941,0,5777,105,3487,31,566,337,6613,123,44,69,76,24,59,0,554,49,2250,1514,138,235,0,666,744,36,704,847,2126,135,634,83,0,0,0,336,2262,0,22,45,0,0,0,0,0,0,112,108,810,933,49,987,1,0,55,139,0,7,5,42,0,272,218,21,6,47,36,12,0,97,105,532,102,0,169,2,0,18,269,75,37,56,55,27,33,217,127,22,22,118,133,30,0,0,18,36,0,0,0,15,0,11,0,0,0,19,0,0,0,1,111,0,0,17,0,0,0,0,30,0,0,0,0,1,0,0,0,0,0,0,0,9,0,79,0,6,0,0,0,4,0,0,0,6,0,40,0,0,0,0,14,0,0,0,2,0,5,0,0,0,0,0,0,0,0,0,0,0,0,0,39,0,0,0,0,0,120,6,48,3,0,12,0,0,0,0,0,0,0,0,0,16,0,0,0,0,0,0,4,23,0,0,0,0,0,0,0,0,0,0,0,0,0,0,0,0,0,0,0,0,0,0,0,0,0,0,12,11,0,0,0,0,0,0,3,0,0,0,0,0,0,0,0,0,0,0,0,0,0,0,10,0,0,0,0,0,0,0,0,0,0,0,0,0,0,0,0,0,0,0,0,0,0,0,0,0,0,0,0,0,0,0,0,0,0,0,22,2,2,0,safePolygon,Nő,Female,46187.3049
96,12986,4054,3969,13722,3274,3259,9079,11455,8423,9213,7909,10817,270,249,2153,54,1062,124,0,625,0,995,116,23,1460,20,3170,5740,3765,1279,199,10452,6,4854,286,961,363,15315,0,0,0,1,0,64,0,153,0,4004,767,368,137,79,0,677,1265,967,1261,3170,0,0,149,79,0,45,116,5794,0,0,0,0,0,0,0,0,0,0,1327,7396,3203,0,2475,0,0,0,258,0,34,21,0,0,401,816,0,0,0,80,10,0,1552,1224,850,0,0,0,0,0,0,87,1467,0,0,1297,0,0,695,0,0,0,0,1080,140,94,0,575,0,39,0,0,0,109,0,0,0,0,0,0,264,189,413,4,0,71,0,0,50,0,3,0,0,0,0,0,0,0,0,0,0,0,0,0,0,0,0,0,0,0,0,0,8,0,0,0,0,0,0,0,0,0,0,0,0,0,0,0,0,0,0,0,0,0,0,0,0,0,0,0,0,0,0,0,0,0,0,0,0,0,0,0,19,0,0,0,0,0,0,0,0,0,0,0,0,0,0,0,0,0,0,0,0,0,0,0,0,19,0,0,0,0,0,0,0,0,0,0,0,0,0,0,0,0,0,0,0,0,0,0,0,0,0,0,0,0,0,0,0,0,0,0,0,0,0,0,0,0,0,0,0,0,0,0,0,0,0,0,0,0,0,43,0,0,0,0,0,0,0,0,0,0,0,0,0,0,0,0,0,0,0,0,0,0,0,0,0,0,0,0,0,0,0,fearPolygon,Nő,Female,31005.54255
97,30768,12086,5181,34325,4969,8958,16865,27121,13055,17547,10861,15675,960,326,8681,0,2273,180,0,1130,0,5945,400,478,2529,644,8375,13157,5858,6586,247,28783,650,15061,424,1883,268,29062,82,78,222,238,0,0,0,1461,0,7765,2633,238,335,0,0,1135,613,1698,2050,6146,3,0,457,0,0,0,3451,13463,7,0,0,0,0,0,0,0,0,52,513,10525,5627,0,8055,0,0,480,976,76,0,80,0,0,1585,1176,0,0,0,736,65,0,1069,861,1304,401,382,22,9,67,0,121,1176,0,142,2043,0,0,934,0,0,0,0,753,621,934,17,392,0,20,56,24,214,343,10,11,158,0,52,0,2,6,96,0,37,0,0,0,0,0,0,0,0,85,0,99,14,40,70,19,46,87,46,36,169,38,0,2,200,39,39,83,119,0,50,0,0,0,0,0,0,0,0,0,0,14,0,0,0,0,0,0,0,0,0,0,0,1,0,0,0,0,0,0,0,0,0,0,0,0,0,0,0,0,0,0,0,0,0,0,0,0,0,0,0,0,0,0,0,0,0,0,0,0,0,0,0,91,24,0,0,0,0,0,0,0,0,0,0,0,0,0,0,0,0,0,0,0,0,0,0,0,0,0,0,0,0,0,0,0,0,0,0,0,0,0,0,0,0,0,0,0,0,0,0,0,0,0,0,0,0,0,0,0,0,0,0,0,0,0,0,0,0,0,0,0,0,0,0,0,0,0,0,0,0,0,0,0,0,0,0,0,0,fearPolygon,Nő,Female,8397.069079
98,21,29,17,55,9,36,12,58,46,46,34,69,28,0,36,0,8,0,0,2,0,50,0,0,11,0,28,34,13,3,0,84,0,49,0,10,0,99,0,0,0,0,0,0,0,3,0,5,1,0,13,0,4,0,0,0,19,6,0,0,2,0,0,0,5,42,0,0,0,0,0,0,0,0,0,0,0,11,0,0,11,0,0,0,0,0,8,0,0,0,0,2,0,1,0,0,0,0,3,1,9,0,0,0,1,0,0,0,19,0,0,12,0,0,5,0,0,0,0,0,0,0,0,0,0,0,0,0,0,0,0,0,0,0,0,0,0,0,0,0,0,0,0,0,0,0,0,0,0,0,0,0,0,0,0,0,0,0,0,0,0,0,0,0,0,0,0,0,0,0,0,0,0,0,0,0,0,0,0,0,0,0,0,0,0,0,0,0,0,0,0,0,0,0,0,0,0,0,0,0,0,0,0,0,0,0,0,0,0,0,0,0,0,0,0,0,0,0,0,0,0,0,0,0,0,0,0,0,0,0,0,0,0,0,0,0,0,0,0,0,0,0,0,0,0,0,0,0,0,0,0,0,0,0,0,0,0,0,0,0,0,0,0,0,0,0,0,0,0,0,0,0,0,0,0,0,0,0,0,0,0,0,0,0,0,0,0,0,0,0,0,0,0,0,0,0,0,0,0,0,0,0,0,0,0,0,0,0,0,0,0,0,0,0,0,0,0,0,0,fearPolygon,Nő,Female,43149.13723
99,15792,3875,2034,16895,1768,3628,8722,11097,9016,8108,7246,11205,371,75,1198,0,186,0,0,182,0,2486,83,206,1489,45,2517,3182,6259,1681,0,12493,1,3210,68,145,129,16093,0,0,18,0,0,0,0,113,0,2246,1976,112,380,0,27,364,112,344,1433,2114,20,71,16,0,0,0,580,5237,0,0,0,0,0,0,0,0,0,1,244,8814,2186,0,4501,0,0,0,311,0,54,23,0,0,338,538,0,0,0,2,12,0,751,731,950,94,0,0,0,0,16,39,1633,0,0,1052,0,0,1376,0,0,0,0,533,134,741,25,93,21,17,0,18,18,290,33,29,75,20,38,0,32,114,757,0,0,0,0,0,0,12,49,0,0,0,0,0,0,0,1,32,0,0,0,0,0,0,0,0,25,0,0,0,35,0,0,0,0,0,0,0,0,0,0,3,0,18,0,0,0,0,0,0,4,0,0,0,0,0,15,0,0,0,0,0,0,0,0,0,0,0,0,0,0,0,0,0,0,0,0,0,0,0,20,0,0,0,0,0,0,0,0,0,0,0,0,0,0,0,0,0,0,0,0,0,0,0,0,0,0,0,0,0,0,0,0,0,0,0,0,0,0,0,0,0,0,0,0,38,18,0,0,0,0,0,0,0,0,0,0,0,0,0,0,0,0,0,0,0,0,0,102,6,0,0,0,0,0,0,0,0,0,0,0,0,0,0,0,0,0,0,0,0,0,0,0,0,0,0,0,0,0,0,0,fearPolygon,Férfi,Male,87061.30356
100,29772,9896,5254,31183,4299,9013,16384,21679,14494,15045,11758,19376,1298,95,3773,0,530,87,0,277,0,6521,375,638,2914,392,4145,7659,10333,2523,0,27420,33,7817,102,864,663,33186,0,38,35,0,0,5,0,280,0,4406,3375,484,609,0,94,1093,313,1248,2113,3649,18,75,162,0,0,0,1084,10749,12,0,0,0,0,0,0,0,0,0,731,16017,4869,0,8110,0,0,19,559,42,24,102,0,0,340,734,0,0,0,200,11,0,1798,3028,1968,391,33,7,8,0,0,72,5007,0,1,2533,0,0,1580,0,0,0,0,1460,475,2246,49,174,36,12,0,0,6,426,251,130,123,22,79,0,16,193,1337,0,0,0,0,0,0,13,97,0,12,2,0,0,65,0,16,41,2,0,0,0,0,0,0,0,16,0,0,0,76,1,27,196,76,0,12,56,0,0,251,10,5,27,0,0,0,0,0,0,50,0,0,0,0,0,12,0,0,0,3,2,66,0,0,0,0,0,0,0,0,0,0,0,0,0,19,0,0,0,25,0,0,0,0,0,0,0,21,0,0,0,0,0,0,2,0,0,0,0,0,0,0,0,0,0,0,0,0,0,0,0,0,0,0,0,0,0,0,38,0,0,0,0,0,20,6,0,0,0,0,0,0,0,0,0,0,0,0,0,0,0,0,0,0,0,4,0,51,0,0,0,0,0,0,0,0,0,0,0,0,0,0,0,0,0,0,0,0,0,0,0,0,0,0,0,0,0,0,0,1,fearPolygon,Férfi,Male,671.5295972
